16-Sep-16,-37.64,,,EFTPOS DEBIT,,1350.09
16-Sep-16,-230,,,EFTPOS DEBIT,,1387.73
16-Sep-16,-16,,,EFTPOS DEBIT,,1617.73
16-Sep-16,-8.5,,,EFTPOS DEBIT,,1633.73
16-Sep-16,-134.18,,,MISCELLANEOUS DEBIT,OUTSTANDING TRANS   #4017-9540-6829-5980,1642.23
16-Sep-16,-9.25,,,MISCELLANEOUS DEBIT,OUTSTANDING TRANS   #4017-9540-6829-5741,1776.41
16-Sep-16,0,,,MISCELLANEOUS DEBIT,OUTSTANDING TRANS   #4017-9540-6829-5980,1785.66
15-Sep-16,-27.72,,,MISCELLANEOUS DEBIT,V5741 15/09 BP WILLO UGHBY 7240 WIL LOUGHBY 04193661710,1785.66
15-Sep-16,-18.28,,,MISCELLANEOUS DEBIT,V5741 15/09 WOOLWORT HS 1160 GOR DON 04120544356,1813.38
15-Sep-16,-17.14,,,MISCELLANEOUS DEBIT,V5980 15/09 WOOLWORT HS 1099 ST ST IVES 04182871765,1831.66
15-Sep-16,-10.45,,,MISCELLANEOUS DEBIT,V5980 13/09 MCDONALD S CREMORNE CRE MORNE 74564726258,1848.8
15-Sep-16,-9.5,,,MISCELLANEOUS DEBIT,V5980 15/09 Soul Ori gin MLC Syd ney 74249236259,1859.25
15-Sep-16,-8.5,,,MISCELLANEOUS DEBIT,V5980 14/09 TWO PENN Y BLUE PTY L SYD NEY 74940526258,1868.75
15-Sep-16,-0.08,,,FEES,V5980 14/09 FOREIGN CURRENCY TRAN FEE 24692166258,1877.25
14-Sep-16,-10,,,MISCELLANEOUS DEBIT,V5980 13/09 Neutral Bay Club Neu tral Ba 74249236257,1877.33
14-Sep-16,-8.5,,,MISCELLANEOUS DEBIT,V5980 13/09 TWO PENN Y BLUE PTY L SYD NEY 74940526257,1887.33
14-Sep-16,-6.99,,,MISCELLANEOUS DEBIT,V5741 13/09 IGA ST I VES ST IVES 74940526257,1895.83
14-Sep-16,-2.67,,,MISCELLANEOUS DEBIT,V5980 14/09 GOOGLE * Google Storage g.c o/payhe 24692166258,1902.82
13-Sep-16,-104.38,,,MISCELLANEOUS DEBIT,V5741 10/09 WOOLWORT HS 1099 ST ST IVES 06103473265,1905.49
13-Sep-16,-57.63,,,MISCELLANEOUS DEBIT,V5980 09/09 CALTEX S T IVES NORTH ST IVES 74940526253,2009.87
13-Sep-16,-40.83,,,MISCELLANEOUS DEBIT,V5741 12/09 WOOLWORT HS 1099 ST ST IVES 01133960602,2067.5
13-Sep-16,-40.18,,,MISCELLANEOUS DEBIT,V5980 11/09 RMS ETOL L PH 131865 PAR RAMATTA 74564726256,2108.33
13-Sep-16,-40,,,MISCELLANEOUS DEBIT,V5980 09/09 TRANSPOR T FOR NSW-OPAL CHI PPENDAL 74940526253,2148.51
13-Sep-16,-35.95,,,MISCELLANEOUS DEBIT,V5741 08/09 PAYPAL * MAGSHOP 402 9357733 74766186253,2188.51
13-Sep-16,-31.1,,,MISCELLANEOUS DEBIT,V5741 10/09 BIRCHSON PTY LTD ST IVES 74940526254,2224.46
13-Sep-16,-26.55,,,MISCELLANEOUS DEBIT,V5980 09/09 OMAZE.CO M OMAZE - DONA 310 3990127 24492156253,2255.56
13-Sep-16,-14.99,,,MISCELLANEOUS DEBIT,V5980 11/09 LIQUORLA ND 3466 ST IVES 74363966255,2282.11
13-Sep-16,-13.19,,,MISCELLANEOUS DEBIT,V5741 10/09 IGA ST I VES ST IVES 74940526254,2297.1
13-Sep-16,-10.49,,,MISCELLANEOUS DEBIT,V5741 10/09 Kidstuff St Ives St Ives 74249236254,2310.29
13-Sep-16,-10,,,EFTPOS DEBIT,EFTPOS 13/09 17:07 St Ives Cyclery38585 St Ives02 AU,2320.78
13-Sep-16,-8.58,,,MISCELLANEOUS DEBIT,V5980 09/09 IGA ST I VES ST IVES 74940526253,2330.78
13-Sep-16,-4,,,MISCELLANEOUS DEBIT,V5980 11/09 WOOLWORT HS 1099 ST ST IVES 07133997160,2339.36
13-Sep-16,-0.8,,,FEES,V5980 09/09 FOREIGN CURRENCY TRAN FEE 24492156253,2343.36
09-Sep-16,-43.8,,,MISCELLANEOUS DEBIT,V5980 08/09 BUNNINGS 588000 BEL ROSE 74940526252,2344.16
09-Sep-16,-32.37,,,MISCELLANEOUS DEBIT,V5980 09/09 UBER AU SEP08 V6XJG HEL P.UBER. 05103369874,2387.96
09-Sep-16,-24.58,,,MISCELLANEOUS DEBIT,V5741 07/09 PLINE ST IVES ST IVES 74564726252,2420.33
09-Sep-16,-9.95,,,MISCELLANEOUS DEBIT,V5980 07/09 TP HOSPI TALITY PL MAN LY VALE 74564726252,2444.91
09-Sep-16,124.5,,,INTER-BANK CREDIT,867024451 GEEL MCARE BENEFITS KATE AND COURTEN,2454.86
08-Sep-16,-1.94,,,FEES,V5980 06/09 FOREIGN CURRENCY TRAN FEE 24492156250,2330.36
08-Sep-16,373.5,,,INTER-BANK CREDIT,866029880 IFBO MCARE BENEFITS KATE AND COURTEN,2332.3
08-Sep-16,2000,,,INTER-BANK CREDIT,Active funds Yellow Brick Rd Kate and Courten,1958.8
07-Sep-16,-369,,,MISCELLANEOUS DEBIT,V5980 06/09 AIRBNB AUS TRALIA 74054926251,-41.2
07-Sep-16,-248.43,,,MISCELLANEOUS DEBIT,V5741 07/09 WOOLWORT HS 1099 ST ST IVES 03151186480,327.8
07-Sep-16,-64.67,,,MISCELLANEOUS DEBIT,V5980 06/09 NUGGET S M49 844 6844388 24492156250,576.23
07-Sep-16,-14.14,,,MISCELLANEOUS DEBIT,V5980 06/09 WOOLWORT HS 1099 ST ST IVES 02193496090,640.9
06-Sep-16,-14,,,MISCELLANEOUS DEBIT,V5980 05/09 TK & AGE SERVICES PT SYD NEY 74940526249,655.04
05-Sep-16,-40.4,,,MISCELLANEOUS DEBIT,V5980 03/09 Neutral Bay Club Neu tral Ba 74249236247,669.04
05-Sep-16,-35.53,,,MISCELLANEOUS DEBIT,V5741 03/09 PAYPAL * MENULOGPTYL 402 9357733 74766186248,709.44
05-Sep-16,-32.58,,,MISCELLANEOUS DEBIT,V5741 05/09 WOOLWORT HS 1099 ST ST IVES 01134048335,744.97
05-Sep-16,-24.2,,,MISCELLANEOUS DEBIT,V5980 03/09 Neutral Bay Club Neu tral Ba 74249236247,777.55
05-Sep-16,-20,,,ATM DEBIT,NABATM CSH 05th11:54 MLC CENTRE,801.75
05-Sep-16,-14.85,,,MISCELLANEOUS DEBIT,V5741 04/09 COLES 08 29 NEU TRAL BA 74363966248,821.75
05-Sep-16,-8.5,,,MISCELLANEOUS DEBIT,V5980 02/09 TWO PENN Y BLUE PTY L SYD NEY 74940526246,836.6
05-Sep-16,-5,,,MISCELLANEOUS DEBIT,V5980 02/09 GOOGLE*S VCSAPPSSHAREPOINTSIN GAPORE 74628546247,845.1
05-Sep-16,-5,,,MISCELLANEOUS DEBIT,V5980 02/09 GOOGLE*S VCSAPPSKLOUDHEROESIN GAPORE 74628546247,850.1
05-Sep-16,-4.4,,,MISCELLANEOUS DEBIT,V5741 04/09 COLES 08 29 NEU TRAL BA 74363966248,855.1
05-Sep-16,-1.48,,,FEES,V5980 01/09 FOREIGN CURRENCY TRAN FEE 24492156245,859.5
02-Sep-16,-49.32,,,MISCELLANEOUS DEBIT,V5980 01/09 LONG TAI L PLATINUM 408 9902830 24492156245,860.98
02-Sep-16,-11.8,,,MISCELLANEOUS DEBIT,V5980 31/08 MCDONALD S CREMORNE CRE MORNE 74564726245,910.3
02-Sep-16,-9.5,,,MISCELLANEOUS DEBIT,V5980 02/09 Soul Ori gin MLC Syd ney 74249236246,922.1
02-Sep-16,-6.95,,,MISCELLANEOUS DEBIT,V5741 31/08 CARTERS PHARMACY ST IVES 74564726245,931.6
02-Sep-16,-4,,,MISCELLANEOUS DEBIT,V5980 01/09 HEY YOU SUR RY HILL 74564726245,938.55
01-Sep-16,-49.95,,,MISCELLANEOUS DEBIT,V5741 31/08 PAYPAL * TOUCHNOTE 402 9357733 74245376244,942.55
01-Sep-16,-48.76,,,MISCELLANEOUS DEBIT,V5741 01/09 WOOLWORT HS 1099 ST ST IVES 04133525493,992.5
01-Sep-16,-44.31,,,MISCELLANEOUS DEBIT,V5741 01/09 COLES EX PRESS 1597 ST IVES 74363966245,1041.26
01-Sep-16,-39.73,,,MISCELLANEOUS DEBIT,V5980 31/08 FACEBK * WA3EWA2CS2 650 -543-78 74313196244,1085.57
01-Sep-16,-25.86,,,MISCELLANEOUS DEBIT,V5741 31/08 IGA ST I VES ST IVES 74940526244,1125.3
01-Sep-16,-8.5,,,MISCELLANEOUS DEBIT,V5980 31/08 HILLS BR OTHERS PTY LTD SYD NEY 74564456244,1151.16
01-Sep-16,-2.25,,,MISCELLANEOUS DEBIT,V5741 31/08 IGA ST I VES ST IVES 74940526244,1159.66
31-Aug-16,-190,,,EFTPOS DEBIT,EFTPOS 31/08 19:04 FIONA MURRAY FRENCHS FORESAU,1161.91
31-Aug-16,-145.1,,,MISCELLANEOUS DEBIT,V5741 31/08 WOOLWORT HS 1099 ST ST IVES 03150629008,1351.91
31-Aug-16,-59.99,,,EFTPOS DEBIT,EFTPOS 30/08 12:54 BETTS KIDS HORNSBY AU,1497.01
31-Aug-16,-8.99,,,MISCELLANEOUS DEBIT,V5980 30/08 NETFLIX COM MEL BOURNE 74564726243,1557
31-Aug-16,-3.8,,,MISCELLANEOUS DEBIT,V5980 29/08 COCA-COL A AMATIL SYD NEY 74564726243,1565.99
31-Aug-16,-1.56,,,FEES,V5980 29/08 FOREIGN CURRENCY TRAN FEE 24492156242,1569.79
31-Aug-16,44.56,,,DEPOSIT,CHEQUES,1571.35
30-Aug-16,-51.84,,,MISCELLANEOUS DEBIT,V5980 29/08 KICKOFFL ABS LLC 877 9211031 24492156242,1526.79
30-Aug-16,-40,,,MISCELLANEOUS DEBIT,V5980 29/08 TRANSPOR T FOR NSW-OPAL CHI PPENDAL 74940526242,1578.63
30-Aug-16,-23.9,,,MISCELLANEOUS DEBIT,V5980 29/08 CHARLIE AND CO SYDNE SYD NEY 01193351935,1618.63
30-Aug-16,-14.95,,,MISCELLANEOUS DEBIT,V5980 29/08 PAYPAL * ICUFFLINKS 402 9357733 74766186242,1642.53
30-Aug-16,-9.5,,,MISCELLANEOUS DEBIT,V5980 28/08 CALTEX S T IVES ST IVES 74940526242,1657.48
30-Aug-16,-9.5,,,MISCELLANEOUS DEBIT,V5980 30/08 Soul Ori gin MLC Syd ney 74249236243,1666.98
29-Aug-16,-430,,,EFTPOS DEBIT,EFTPOS 28/08 12:56 St Ives Cyclery38585 St Ives02 AU,1676.48
29-Aug-16,-279.34,,,TRANSFER DEBIT,INTERNET BPAY EnergyAustralia Pty 10085825966996,2106.48
29-Aug-16,-90,,,MISCELLANEOUS DEBIT,V5741 25/08 EZIDEBIT HEALTHFIT MB FOR TITUDE 74564726239,2385.82
29-Aug-16,-69.5,,,MISCELLANEOUS DEBIT,V5741 26/08 WOOLWORT HS 1099 ST ST IVES 05193416633,2475.82
29-Aug-16,-39.4,,,MISCELLANEOUS DEBIT,V5980 27/08 Neutral Bay Club Neu tral Ba 74249236240,2545.32
29-Aug-16,-29.34,,,MISCELLANEOUS DEBIT,V5741 29/08 WOOLWORT HS 1099 ST ST IVES 01170791811,2584.72
29-Aug-16,-25,,,MISCELLANEOUS DEBIT,V5980 27/08 BAKERS T ENNISHOP SYD NEY 74940526240,2614.06
29-Aug-16,-20,,,ATM DEBIT,NABATM CSH 29th08:01 SYDNEY,2639.06
29-Aug-16,-11.01,,,MISCELLANEOUS DEBIT,V5741 27/08 WOOLWORT HS 1099 ST ST IVES 06170122926,2659.06
29-Aug-16,-9.6,,,MISCELLANEOUS DEBIT,V5980 27/08 Neutral Bay Club Neu tral Ba 74249236240,2670.07
29-Aug-16,-3.5,,,MISCELLANEOUS DEBIT,V5741 26/08 HOYTS KI OSK PTY LTD SYD NEY 74564456239,2679.67
29-Aug-16,-1,,,TRANSFER DEBIT,INTERNET TRANSFER Wedding Registry Kate Farquharson,2683.17
26-Aug-16,-305.24,,,TRANSFER DEBIT,INTERNET BPAY SYDNEY WATER 50031650000,2684.17
26-Aug-16,-170.16,,,MISCELLANEOUS DEBIT,V5980 24/08 TICKETMA STER COM MEL BOURNE 74940526238,2989.41
26-Aug-16,-20.27,,,MISCELLANEOUS DEBIT,V5741 25/08 IGA ST I VES ST IVES 74940526238,3159.57
26-Aug-16,-11,,,MISCELLANEOUS DEBIT,V5980 24/08 MCDONALD S CREMORNE CRE MORNE 74564726238,3179.84
26-Aug-16,-8.5,,,MISCELLANEOUS DEBIT,V5980 25/08 TWO PENN Y BLUE PTY L SYD NEY 74940526238,3190.84
26-Aug-16,865,,,INTER-BANK CREDIT,SHARE DIVIDENDS FARQUHARSON K P KATE & COURTENAY,3199.34
25-Aug-16,-45.05,,,MISCELLANEOUS DEBIT,V5741 25/08 WOOLWORT HS 1099 ST ST IVES 04133539044,2334.34
25-Aug-16,-34.86,,,MISCELLANEOUS DEBIT,V5980 25/08 OFFICEWO RKS 0253 SYD NEY 74363966238,2379.39
25-Aug-16,-14.99,,,MISCELLANEOUS DEBIT,V5980 23/08 PLINE PH HYDE PARK SYD NEY 74564726237,2414.25
24-Aug-16,-4.2,,,MISCELLANEOUS DEBIT,V5980 23/08 HEY YOU SUR RY HILL 74564726236,2429.24
24-Aug-16,2500,,,INTER-BANK CREDIT,Expenses Yellow Brick Rd Kate and Courten,2433.44
23-Aug-16,-354.55,,,MISCELLANEOUS DEBIT,V5980 20/08 SERVICE NSW SYD NEY 74564726235,-66.56
23-Aug-16,-79.73,,,AUTOMATIC DRAWING,MPA035636733 AAMI PI MR C FARQUHARSON,287.99
22-Aug-16,-577.58,,,MISCELLANEOUS DEBIT,V5980 20/08 GIO BRI SBANE 74742726233,367.72
22-Aug-16,-330,,,MISCELLANEOUS DEBIT,V5741 19/08 FORENSIC PEST MANAGE BLA CKTOWN 74940526232,945.3
22-Aug-16,-175.57,,,MISCELLANEOUS DEBIT,V5741 21/08 WOOLWORT HS 1099 ST ST IVES 07150936760,1275.3
22-Aug-16,-35.53,,,MISCELLANEOUS DEBIT,V5741 19/08 PAYPAL * EATNOWSERVI 402 9357733 74766186232,1450.87
22-Aug-16,-23.6,,,MISCELLANEOUS DEBIT,V5980 18/08 BLS*only domains.com Blu esnap I 74929036233,1486.4
22-Aug-16,-16.49,,,MISCELLANEOUS DEBIT,V5741 21/08 LIQUORLA ND 3466 ST IVES 74363966234,1510
22-Aug-16,-15.98,,,MISCELLANEOUS DEBIT,V5980 21/08 ANACONDA BELROSE BEL ROSE 07150402607,1526.49
22-Aug-16,-9.9,,,MISCELLANEOUS DEBIT,V5980 22/08 Bun Me - MLC Syd ney 74249236235,1542.47
22-Aug-16,-3.8,,,MISCELLANEOUS DEBIT,V5980 18/08 COCA-COL A AMATIL SYD NEY 74564726232,1552.37
19-Aug-16,-40,,,MISCELLANEOUS DEBIT,V5980 18/08 TRANSPOR T FOR NSW-OPAL CHI PPENDAL 74940526231,1556.17
19-Aug-16,-20,,,MISCELLANEOUS DEBIT,V5980 18/08 RMS ETOL L PH 131865 PAR RAMATTA 74564726231,1596.17
19-Aug-16,-13.9,,,MISCELLANEOUS DEBIT,V5980 17/08 MCDONALD S CREMORNE CRE MORNE 74564726231,1616.17
19-Aug-16,-13.7,,,MISCELLANEOUS DEBIT,V5980 19/08 Bun Me - MLC Syd ney 74249236232,1630.07
19-Aug-16,-7.55,,,MISCELLANEOUS DEBIT,V5980 17/08 MCDONALD S CREMORNE CRE MORNE 74564726231,1643.77
19-Aug-16,-2.99,,,MISCELLANEOUS DEBIT,V5741 17/08 PLINE ST IVES ST IVES 74564726231,1651.32
18-Aug-16,-90.74,,,MISCELLANEOUS DEBIT,V5741 18/08 WOOLWORT HS 1099 ST ST IVES 04121606826,1654.31
18-Aug-16,-54.05,,,MISCELLANEOUS DEBIT,V5980 17/08 COLES EX PRESS 1607 CRE MORNE 74363966230,1745.05
18-Aug-16,-44,,,MISCELLANEOUS DEBIT,V5980 16/08 HURRICAN ES EXPRESS C CHA TSWOOD 74940526230,1799.1
18-Aug-16,-32.94,,,MISCELLANEOUS DEBIT,V5741 17/08 PAYPAL * SNAPFISH 402 9357733 74766186230,1843.1
18-Aug-16,-8.5,,,MISCELLANEOUS DEBIT,V5980 17/08 HEY YOU SUR RY HILL 74564726230,1876.04
18-Aug-16,-5.16,,,MISCELLANEOUS DEBIT,V5741 17/08 SUTCLIFF E & MORT PTY ST IVES 74940526230,1884.54
17-Aug-16,-190,,,EFTPOS DEBIT,EFTPOS 17/08 19:05 FIONA MURRAY FRENCHS FORESAU,1889.7
17-Aug-16,-178.67,,,MISCELLANEOUS DEBIT,V5741 17/08 WOOLWORT HS 1099 ST ST IVES 03121023980,2079.7
17-Aug-16,-70,,,MISCELLANEOUS DEBIT,V5741 16/08 TRYBOOKI NG.COM/MYCHARGE SOU TH YARR 74564456229,2258.37
17-Aug-16,-35,,,MISCELLANEOUS DEBIT,V5741 16/08 HOYTS SYD NEY 74564726229,2328.37
17-Aug-16,-11.04,,,MISCELLANEOUS DEBIT,V5980 16/08 WOOLWORT HS 1099 ST ST IVES 02220685340,2363.37
17-Aug-16,-5.95,,,EFTPOS DEBIT,EFTPOS 16/08 18:34 HOYTS CORPORATION CHATSWOOD NSW 05,2374.41
16-Aug-16,-70.6,,,TRANSFER DEBIT,INTERNET BPAY OPTUS BILLING 91335088000183,2380.36
16-Aug-16,-42.92,,,MISCELLANEOUS DEBIT,V5741 15/08 PAYPAL * SNAPFISH 402 9357733 74245376228,2450.96
16-Aug-16,-9.25,,,MISCELLANEOUS DEBIT,V5741 16/08 COLES 08 52 CHA TSWOOD 74363966229,2493.88
16-Aug-16,-0.08,,,FEES,V5980 14/08 FOREIGN CURRENCY TRAN FEE 24692166227,2503.13
15-Aug-16,-175.89,,,MISCELLANEOUS DEBIT,V5980 15/08 TELSTRA BILL PAYMNT MEL BOURNE 01182820650,2503.21
15-Aug-16,-31.4,,,MISCELLANEOUS DEBIT,V5980 12/08 NEW SHAN GHAI CHINESE R SYD NEY 74564566225,2679.1
15-Aug-16,-20.1,,,MISCELLANEOUS DEBIT,V5980 14/08 Pattison 's St Ives St Ives 74249236227,2710.5
15-Aug-16,-12.96,,,MISCELLANEOUS DEBIT,V5741 12/08 IGA ST I VES ST IVES 74940526225,2730.6
15-Aug-16,-8.5,,,MISCELLANEOUS DEBIT,V5980 12/08 TWO PENN Y BLUE PTY L SYD NEY 74940526225,2743.56
15-Aug-16,-2.6,,,MISCELLANEOUS DEBIT,V5980 14/08 GOOGLE * Google Storage g.c o/payhe 24692166227,2752.06
12-Aug-16,-14.95,,,MISCELLANEOUS DEBIT,V5741 10/08 CARTERS PHARMACY ST IVES 74564726224,2754.66
12-Aug-16,-11.99,,,EFTPOS DEBIT,EFTPOS 12/08 15:54 PLINE PH HYDE PARK 0837 SYDNEY,2769.61
12-Aug-16,-11.8,,,MISCELLANEOUS DEBIT,V5980 10/08 MCDONALD S CREMORNE CRE MORNE 74564726224,2781.6
12-Aug-16,124.5,,,INTER-BANK CREDIT,847027359 IFCA MCARE BENEFITS KATE AND COURTEN,2793.4
11-Aug-16,-33.48,,,MISCELLANEOUS DEBIT,V5741 11/08 WOOLWORT HS 1099 ST ST IVES 04134240599,2668.9
11-Aug-16,-6.05,,,MISCELLANEOUS DEBIT,V5741 10/08 IGA ST I VES ST IVES 74940526223,2702.38
10-Aug-16,-190,,,EFTPOS DEBIT,EFTPOS 10/08 19:00 FIONA MURRAY FRENCHS FORE NSW,2708.43
10-Aug-16,-20,,,ATM DEBIT,NABATM CSH 10th12:38 MLC CENTRE,2898.43
10-Aug-16,-14.95,,,MISCELLANEOUS DEBIT,V5741 08/08 CARTERS PHARMACY ST IVES 74564726222,2918.43
10-Aug-16,-12.7,,,MISCELLANEOUS DEBIT,V5980 09/08 Eatz on Bridge HUR STVILLE 74564566222,2933.38
10-Aug-16,2000,,,INTER-BANK CREDIT,Active funds Yellow Brick Rd Kate and Courten,2946.08
09-Aug-16,-294.88,,,MISCELLANEOUS DEBIT,V5741 08/08 PAYPAL * WOOLWORTHSL 402 9357733 74245376221,946.08
09-Aug-16,-40,,,MISCELLANEOUS DEBIT,V5980 08/08 TRANSPOR T FOR NSW-OPAL CHI PPENDAL 74940526221,1240.96
09-Aug-16,-20,,,MISCELLANEOUS DEBIT,V5980 07/08 RMS ETOL L PH 131865 PAR RAMATTA 74564726221,1280.96
09-Aug-16,-19.78,,,MISCELLANEOUS DEBIT,V5741 08/08 IGA ST I VES ST IVES 74940526221,1300.96
09-Aug-16,-4.38,,,FEES,V5980 07/08 FOREIGN CURRENCY TRAN FEE 24492156220,1320.74
09-Aug-16,-3.8,,,MISCELLANEOUS DEBIT,V5980 05/08 COCA-COL A AMATIL NOR TH SYDN 74564726221,1325.12
09-Aug-16,-1.94,,,FEES,V5980 06/08 FOREIGN CURRENCY TRAN FEE 24492156219,1328.92
09-Aug-16,124.5,,,INTER-BANK CREDIT,844033599 CHMW MCARE BENEFITS K AND C FARQUHAR,1330.86
08-Aug-16,-146.15,,,MISCELLANEOUS DEBIT,V5980 07/08 LEADPAGE S 855 8353877 24492156220,1206.36
08-Aug-16,-64.52,,,MISCELLANEOUS DEBIT,V5980 06/08 NUGGET S M49 844 6844388 24492156219,1352.51
08-Aug-16,-49.23,,,MISCELLANEOUS DEBIT,V5741 07/08 WOOLWORT HS 1099 ST ST IVES 07090464151,1417.03
08-Aug-16,-30.1,,,MISCELLANEOUS DEBIT,V5980 06/08 IGA ST I VES ST IVES 74940526219,1466.26
08-Aug-16,-9.69,,,MISCELLANEOUS DEBIT,V5980 07/08 BUNNINGS 588000 BEL ROSE 74940526220,1496.36
08-Aug-16,-3.22,,,EFTPOS DEBIT,EFTPOS 07/08 15:18 BUNNINGS BELROSE 7168 REG 94,1506.05
05-Aug-16,-29.08,,,MISCELLANEOUS DEBIT,V5741 05/08 WOOLWORT HS 1099 ST ST IVES 05133728988,1509.27
05-Aug-16,-15.5,,,MISCELLANEOUS DEBIT,V5980 05/08 The Wyny ard Hotel Syd ney 74249236218,1538.35
05-Aug-16,-8.5,,,MISCELLANEOUS DEBIT,V5980 04/08 TWO PENN Y BLUE PTY L SYD NEY 74940526217,1553.85
04-Aug-16,-41.7,,,MISCELLANEOUS DEBIT,V5741 04/08 WOOLWORT HS 1099 ST ST IVES 04133259157,1562.35
04-Aug-16,-13.24,,,MISCELLANEOUS DEBIT,V5980 03/08 DNH*GODA DDY.COM AUD 480 -505-88 24672746216,1604.05
04-Aug-16,124.5,,,INTER-BANK CREDIT,841030631 IFGE MCARE BENEFITS KATE AND COURTEN,1617.29
03-Aug-16,-250,,,TRANSFER DEBIT,INTERNET TRANSFER FarquharsonINV0170,1492.79
03-Aug-16,-190,,,EFTPOS DEBIT,EFTPOS 03/08 19:01 FIONA MURRAY FRENCHS FORE NSW,1742.79
03-Aug-16,-16.23,,,MISCELLANEOUS DEBIT,V5741 02/08 IGA ST I VES ST IVES 74940526215,1932.79
03-Aug-16,-5,,,MISCELLANEOUS DEBIT,V5980 02/08 GOOGLE*S VCSAPPSKLOUDHEROESIN GAPORE 74628546216,1949.02
03-Aug-16,-5,,,MISCELLANEOUS DEBIT,V5980 02/08 GOOGLE*S VCSAPPSSHAREPOINTSIN GAPORE 74628546216,1954.02
03-Aug-16,-1.47,,,FEES,V5980 01/08 FOREIGN CURRENCY TRAN FEE 24492156214,1959.02
02-Aug-16,-49.16,,,MISCELLANEOUS DEBIT,V5980 01/08 LONG TAI L PLATINUM 408 9902830 24492156214,1960.49
02-Aug-16,-8.99,,,MISCELLANEOUS DEBIT,V5980 30/07 NETFLIX COM MEL BOURNE 74564726214,2009.65
02-Aug-16,-1.56,,,FEES,V5980 29/07 FOREIGN CURRENCY TRAN FEE 24492156211,2018.64
01-Aug-16,-278,,,EFTPOS DEBIT,EFTPOS 29/07 15:23 JB HI FI STRAND ARCA SYDNEY AU,2020.2
01-Aug-16,-136.6,,,MISCELLANEOUS DEBIT,V5741 31/07 WOOLWORT HS 1099 ST ST IVES 07103477058,2298.2
01-Aug-16,-52.06,,,MISCELLANEOUS DEBIT,V5980 29/07 KICKOFFL ABS LLC 877 9211031 24492156211,2434.8
01-Aug-16,-49.17,,,MISCELLANEOUS DEBIT,V5980 30/07 COLES EX PRESS 1637 NOR TH RYDE 74363966212,2486.86
01-Aug-16,-38.75,,,MISCELLANEOUS DEBIT,V5980 30/07 WOOLWORT HS 1099 ST ST IVES 06193431989,2536.03
01-Aug-16,-30.67,,,MISCELLANEOUS DEBIT,V5741 30/07 WOOLWORT HS 1099 ST ST IVES 06103563197,2574.78
01-Aug-16,-24.98,,,MISCELLANEOUS DEBIT,V5741 01/08 WOOLWORT HS 1099 ST ST IVES 01150176382,2605.45
01-Aug-16,-20.55,,,MISCELLANEOUS DEBIT,V5980 31/07 FACEBK * FFWKNA2CS2 650 -543-78 74313196213,2630.43
29-Jul-16,-43.82,,,MISCELLANEOUS DEBIT,V5741 28/07 BP WILLO UGHBY 7240 WIL LOUGHBY 04193687530,2650.98
29-Jul-16,-40,,,MISCELLANEOUS DEBIT,V5980 28/07 TRANSPOR T FOR NSW-OPAL CHI PPENDAL 74940526210,2694.8
29-Jul-16,-14.5,,,MISCELLANEOUS DEBIT,V5980 27/07 GUZMAN Y GOMEZ MLC C SYD NEY 74940526210,2734.8
29-Jul-16,-12.45,,,MISCELLANEOUS DEBIT,V5980 27/07 MCDONALD S CREMORNE CRE MORNE 74564726210,2749.3
29-Jul-16,-9.9,,,MISCELLANEOUS DEBIT,V5980 29/07 Bun Me - MLC Syd ney 74249236211,2761.75
29-Jul-16,-3.8,,,MISCELLANEOUS DEBIT,V5980 28/07 HEY YOU SUR RY HILL 74564726210,2771.65
28-Jul-16,-28.66,,,MISCELLANEOUS DEBIT,V5741 28/07 WOOLWORT HS 1099 ST ST IVES 04120230167,2775.45
28-Jul-16,-1,,,TRANSFER DEBIT,INTERNET TRANSFER Wedding Registry Kate Farquharson,2804.11
28-Jul-16,-107.91,,,MISCELLANEOUS DEBIT,V5980 28/07 AmazonPrime Member amzn.com/prme NV S465178812850005 CARD 1908,7285.79
27-Jul-16,-190,,,EFTPOS DEBIT,EFTPOS 27/07 19:02 FIONA MURRAY FRENCHS FORE NSW,2805.11
26-Jul-16,-64.95,,,MISCELLANEOUS DEBIT,V5741 26/07 Harry Ha rtog Kotara Kot ara 74249236208,2995.11
26-Jul-16,-20,,,ATM DEBIT,NABATM CSH 26th13:13 SYDNEY,3060.06
26-Jul-16,-12.49,,,MISCELLANEOUS DEBIT,V5980 25/07 WOOLWORT HS 1099 ST ST IVES 01193212746,3080.06
25-Jul-16,-70,,,EFTPOS DEBIT,EFTPOS 24/07 13:21 BIG SMILE HAND CAR W LANE COVE AU,3092.55
25-Jul-16,-10.75,,,MISCELLANEOUS DEBIT,V5741 25/07 CW NEWCA STLE NEW CASTLE 01090796349,3162.55
25-Jul-16,-7,,,MISCELLANEOUS DEBIT,V5980 24/07 WOOLWORT HS 1099 ST ST IVES 07211002624,3173.3
22-Jul-16,-251.4,,,MISCELLANEOUS DEBIT,V5741 20/07 PAYPAL * WOOLWORTHSL WO 402 9357733 74766186203,3180.3
22-Jul-16,-51.62,,,MISCELLANEOUS DEBIT,V5741 21/07 BP WILLO UGHBY 7240 WIL LOUGHBY 04193789218,3431.7
22-Jul-16,-25.04,,,MISCELLANEOUS DEBIT,V5741 22/07 WOOLWORT HS 1099 ST ST IVES 05170551371,3483.32
21-Jul-16,-80,,,ATM DEBIT,NABATM CSH 21st12:43 SYDNEY,3508.36
21-Jul-16,-80,,,ATM DEBIT,Payment To GoDaddy.com LLC,3508.36
21-Jul-16,-79.73,,,AUTOMATIC DRAWING,MPA035636733 AAMI PI MR C FARQUHARSON,3588.36
21-Jul-16,-40,,,MISCELLANEOUS DEBIT,V5980 20/07 TRANSPOR T FOR NSW-OPAL CHI PPENDAL 74940526202,3668.09
21-Jul-16,-25.99,,,MISCELLANEOUS DEBIT,V5741 21/07 WOOLWORT HS 1099 ST ST IVES 04170724304,3708.09
21-Jul-16,-25,,,EFTPOS DEBIT,EFTPOS 21/07 11:36 BAKER'S TENNIS SHOP SYDNEY NSW,3734.08
21-Jul-16,-12.45,,,MISCELLANEOUS DEBIT,V5980 19/07 MCDONALD S CREMORNE CRE MORNE 74564726202,3759.08
21-Jul-16,124.5,,,INTER-BANK CREDIT,831030849 CKVT MCARE BENEFITS KATE AND COURTEN,3771.53
21-Jul-16,124.5,,,INTER-BANK CREDIT,831030848 CKVT MCARE BENEFITS KATE AND COURTEN,3647.03
21-Jul-16,136.2,,,INTER-BANK CREDIT,11614732 NIB KATE AND COURTNA,3522.53
20-Jul-16,-5,,,MISCELLANEOUS DEBIT,V5980 20/07 WOOLWORT HS 1099 ST ST IVES 03182339208,3386.33
19-Jul-16,-190,,,EFTPOS DEBIT,EFTPOS 19/07 19:02 FIONA MURRAY FRENCHS FORE NSW,3391.33
19-Jul-16,-175.75,,,MISCELLANEOUS DEBIT,V5741 16/07 WOOLWORT HS 1099 ST ST IVES 06103261184,3581.33
19-Jul-16,-59.99,,,MISCELLANEOUS DEBIT,V5741 18/07 OPTUS BI LLING PAY MY BILLMAC QUARIE 74564456200,3757.08
19-Jul-16,-14.95,,,MISCELLANEOUS DEBIT,V5980 15/07 TOUCHNOT E LTD CAM DEN TOW 74143616198,3817.07
19-Jul-16,-6.8,,,MISCELLANEOUS DEBIT,V5741 17/07 WOOLWORT HS 1099 ST ST IVES 07090149156,3832.02
19-Jul-16,114,,,INTER-BANK CREDIT,11614732 NIB KATE AND COURTNA,3838.82
18-Jul-16,-376.29,,,TRANSFER DEBIT,INTERNET BPAY KU-RING-GAI RATES 00625400,3724.82
18-Jul-16,-275,,,TRANSFER DEBIT,INTERNET TRANSFER K Farquharson fees,4101.11
18-Jul-16,-9.1,,,EFTPOS DEBIT,EFTPOS 18/07 12:18 DELISH TRAN CAFE SURRY HILLS AU,4376.11
15-Jul-16,-250,,,MISCELLANEOUS DEBIT,V5741 13/07 CARTERS PHARMACY ST IVES 74564726196,4385.21
15-Jul-16,-20,,,MISCELLANEOUS DEBIT,V5980 14/07 RMS ETOL L PH 131865 PAR RAMATTA 74564726196,4635.21
15-Jul-16,-16,,,MISCELLANEOUS DEBIT,V5980 15/07 Belle's Hot Chicken Fit zroy 74249236197,4655.21
15-Jul-16,-11.65,,,MISCELLANEOUS DEBIT,V5980 13/07 MCDONALD S CREMORNE CRE MORNE 74564726196,4671.21
15-Jul-16,-4,,,MISCELLANEOUS DEBIT,V5980 14/07 HEY YOU SUR RY HILL 74564726196,4682.86
15-Jul-16,-0.08,,,FEES,V5980 14/07 FOREIGN CURRENCY TRAN FEE 24692166196,4686.86
14-Jul-16,-176.45,,,TRANSFER DEBIT,INTERNET BPAY EnergyAustralia Pty 10021817395787,4686.94
14-Jul-16,-38.8,,,MISCELLANEOUS DEBIT,V5980 12/07 GRILLD P TY LTD CHA TSWOOD 74940526195,4863.39
14-Jul-16,-19.5,,,MISCELLANEOUS DEBIT,V5980 13/07 GPO REST AURANTS AND SYD NEY 74940526195,4902.19
14-Jul-16,-17.9,,,MISCELLANEOUS DEBIT,V5980 12/07 THE HOYT S CORPORATIO CHA TSWOOD 74940526195,4921.69
14-Jul-16,-4,,,MISCELLANEOUS DEBIT,V5741 14/07 WOOLWORT HS 1099 ST ST IVES 04103764014,4939.59
14-Jul-16,-2.63,,,MISCELLANEOUS DEBIT,V5980 14/07 GOOGLE * Google Storage g.c o/payhe 24692166196,4943.59
14-Jul-16,3000,,,INTER-BANK CREDIT,Life expense Yellow Brick Rd Kate and Courten,4946.22
13-Jul-16,-190,,,EFTPOS DEBIT,EFTPOS 13/07 19:00 FIONA MURRAY FRENCHS FORE NSW,1946.22
13-Jul-16,-130.33,,,MISCELLANEOUS DEBIT,V5741 13/07 WOOLWORT HS 1099 ST ST IVES 03133655780,2136.22
13-Jul-16,-28,,,MISCELLANEOUS DEBIT,V5741 12/07 HOYTS SYD NEY 74564726194,2266.55
12-Jul-16,-90,,,MISCELLANEOUS DEBIT,V5741 10/07 EZIDEBIT HEALTHFIT MB FOR TITUDE 74564726193,2294.55
12-Jul-16,-40,,,MISCELLANEOUS DEBIT,V5980 11/07 TRANSPOR T FOR NSW-OPAL CHI PPENDAL 74940526193,2384.55
12-Jul-16,-33,,,MISCELLANEOUS DEBIT,V5741 12/07 WOOLWORT HS 1099 ST ST IVES 02150823273,2424.55
12-Jul-16,-20,,,ATM DEBIT,NABATM CSH 12th07:13 SYDNEY,2457.55
12-Jul-16,-20,,,ATM DEBIT,NABATM CSH 12th07:13 SYDNEY,2477.55
12-Jul-16,-7.99,,,MISCELLANEOUS DEBIT,V5741 11/07 IGA ST I VES ST IVES 74940526193,2497.55
12-Jul-16,-2.41,,,FEES,V5980 08/07 FOREIGN CURRENCY TRAN FEE 24492156190,2505.54
11-Jul-16,-95.94,,,MISCELLANEOUS DEBIT,V5741 09/07 WOOLWORT HS 1099 ST ST IVES 06182285297,2507.95
11-Jul-16,-80.33,,,MISCELLANEOUS DEBIT,V5980 08/07 COFOUNDE RSLAB.COM PRO COF OUNDERS 24492156190,2603.89
11-Jul-16,-63.99,,,MISCELLANEOUS DEBIT,V5980 10/07 COLES EX PRESS 1606 NEU TRAL BA 74363966192,2684.22
08-Jul-16,-719.92,,,MISCELLANEOUS DEBIT,V5741 08/07 NRMA WEB SYD NEY 05150372233,2748.21
08-Jul-16,-40,,,ATM DEBIT,BBL ATM 08th14:05 DCP-City Conven - Bl,3468.13
08-Jul-16,-20,,,MISCELLANEOUS DEBIT,V5980 07/07 RMS ETOL L PH 131865 PAR RAMATTA 74564726189,3508.13
08-Jul-16,-2.5,,,FEES,BBL ATM 08th14:05 DCP-City Conven - Bl DIR CHG OTH ATM,3528.13
08-Jul-16,-1.99,,,FEES,V5980 06/07 FOREIGN CURRENCY TRAN FEE 24492156188,3530.63
07-Jul-16,-227,,,MISCELLANEOUS DEBIT,V5980 07/07 JOHANNES DE VILLIERS A EPP ING 04090687398,3532.62
07-Jul-16,-169.9,,,EFTPOS DEBIT,EFTPOS 06/07 14:32 UNIQLO SYDNEY AU,3759.62
07-Jul-16,-103.96,,,MISCELLANEOUS DEBIT,V5741 07/07 WOOLWORT HS 1099 ST ST IVES 04103269115,3929.52
07-Jul-16,-66.17,,,MISCELLANEOUS DEBIT,V5980 06/07 NUGGET S M49 HTT PSNUGGE 24492156188,4033.48
05-Jul-16,-78.71,,,MISCELLANEOUS DEBIT,V5741 05/07 COLES 07 17 TUR RAMURRA 74363966187,4099.65
05-Jul-16,-63.01,,,MISCELLANEOUS DEBIT,V5741 05/07 CHEMST W ARHOUSE TU TUR RAMURRA 02120339841,4178.36
05-Jul-16,-60,,,EFTPOS DEBIT,EFTPOS 05/07 19:58 Neutral Bay Club Neutral Ba AU,4241.37
05-Jul-16,-49.3,,,MISCELLANEOUS DEBIT,V5741 02/07 THE BOAT SHED CAFE BA NARRAB EEN 74564726186,4301.37
05-Jul-16,-1.49,,,FEES,V5980 01/07 FOREIGN CURRENCY TRAN FEE 24492156183,4350.67
05-Jul-16,-0.45,,,FEES,V5980 30/06 FOREIGN CURRENCY TRAN FEE 24794876183,4352.16
04-Jul-16,-152.85,,,MISCELLANEOUS DEBIT,V5741 03/07 WOOLWORT HS 1099 ST ST IVES 07151122680,4352.61
04-Jul-16,-59.9,,,AUTOMATIC DRAWING,91335088000183 OPTUS Kate and Courten,4505.46
04-Jul-16,-49.81,,,MISCELLANEOUS DEBIT,V5980 01/07 LONG TAI L PLATINUM 408 9902830 24492156183,4565.36
04-Jul-16,-40,,,MISCELLANEOUS DEBIT,V5980 01/07 TRANSPOR T FOR NSW-OPAL CHI PPENDAL 74940526183,4615.17
04-Jul-16,-20.95,,,MISCELLANEOUS DEBIT,V5741 03/07 WOOLWORT HS 1099 ST ST IVES 07133430688,4655.17
04-Jul-16,-20.5,,,MISCELLANEOUS DEBIT,V5980 01/07 RNB SYDN EY PTY LTD CHA TSWOOD 74940526184,4676.12
04-Jul-16,-20,,,ATM DEBIT,BBL ATM 04th12:51 REDIATM 50 BRIDGE ST,4696.62
04-Jul-16,-15.08,,,MISCELLANEOUS DEBIT,V5980 30/06 ALAMO RE NT ACAR TOLLS 877 -860128 24794876183,4716.62
04-Jul-16,-14.71,,,MISCELLANEOUS DEBIT,V5741 01/07 IGA ST I VES ST IVES 74940526183,4731.7
04-Jul-16,-7.95,,,MISCELLANEOUS DEBIT,V5741 03/07 BLOOMS T HE CHEMIST - ST IVES 74940526185,4746.41
04-Jul-16,-5,,,MISCELLANEOUS DEBIT,V5980 03/07 GOOGLE*S VCSAPPSSHAREPOINTSIN GAPORE 74628546186,4754.36
04-Jul-16,-5,,,MISCELLANEOUS DEBIT,V5980 02/07 GOOGLE*S VCSAPPSKLOUDHEROESIN GAPORE 74628546185,4759.36
01-Jul-16,-20,,,ATM DEBIT,BBL ATM 01st12:56 REDIATM 50 BRIDGE ST,4764.36
01-Jul-16,-8.99,,,MISCELLANEOUS DEBIT,V5980 30/06 NETFLIX COM MEL BOURNE 74564726182,4784.36
01-Jul-16,-8,,,MISCELLANEOUS DEBIT,V5980 30/06 HEY YOU SUR RY HILL 74564726182,4793.35
30-Jun-16,-943.2,,,TRANSFER DEBIT,INTERNET BPAY EXEC ESTATE PTY LTD 47224585801024036,4801.35
30-Jun-16,-58.04,,,MISCELLANEOUS DEBIT,V5980 29/06 BUNNINGS 588000 BEL ROSE 74940526181,5744.55
30-Jun-16,-50,,,TRANSFER DEBIT,INTERNET TRANSFER Farquharson Kate,5802.59
30-Jun-16,-37.56,,,MISCELLANEOUS DEBIT,V5741 30/06 WOOLWORT HS 1099 ST ST IVES 04134468458,5852.59
30-Jun-16,0.13,,,INTEREST PAID,INTEREST,5890.15
29-Jun-16,-3.38,,,FEES,V5980 27/06 FOREIGN CURRENCY TRAN FEE 24492156179,5890.02
28-Jun-16,-112.55,,,MISCELLANEOUS DEBIT,V5980 27/06 UBER U S JUN27 YV275 866 5761039 24492156179,5893.4
28-Jun-16,-3.51,,,FEES,V5980 24/06 FOREIGN CURRENCY TRAN FEE 24717056177,6005.95
28-Jun-16,-2.11,,,FEES,V5980 24/06 FOREIGN CURRENCY TRAN FEE 24492156177,6009.46
28-Jun-16,-1,,,TRANSFER DEBIT,INTERNET TRANSFER Wedding Registry Kate Farquharson,6011.57
28-Jun-16,-0.48,,,FEES,V5980 27/06 FOREIGN CURRENCY TRAN FEE 24492156179,6012.57
28-Jun-16,-0.46,,,FEES,V5980 26/06 FOREIGN CURRENCY TRAN FEE 24492156178,6013.05
28-Jun-16,-0.39,,,FEES,V5980 26/06 FOREIGN CURRENCY TRAN FEE 24492156178,6013.51
28-Jun-16,-0.38,,,FEES,V5980 27/06 FOREIGN CURRENCY TRAN FEE 24492156179,6013.9
28-Jun-16,-0.35,,,FEES,V5980 25/06 FOREIGN CURRENCY TRAN FEE 24492156177,6014.28
28-Jun-16,-0.29,,,FEES,V5980 27/06 FOREIGN CURRENCY TRAN FEE 24492156179,6014.63
28-Jun-16,-0.28,,,FEES,V5980 25/06 FOREIGN CURRENCY TRAN FEE 24492156177,6014.92
28-Jun-16,-0.27,,,FEES,V5980 26/06 FOREIGN CURRENCY TRAN FEE 24692166178,6015.2
28-Jun-16,-0.2,,,FEES,V5980 26/06 FOREIGN CURRENCY TRAN FEE 24492156178,6015.47
27-Jun-16,-567.2,,,TRANSFER DEBIT,INTERNET TRANSFER San Monica Transfe C5208443164,6015.67
27-Jun-16,-331.53,,,MISCELLANEOUS DEBIT,V5741 23/06 BUDGET R ENT A CAR KAH ULUI 24842546176,6582.87
27-Jun-16,-116.88,,,MISCELLANEOUS DEBIT,V5980 24/06 NIKE SAN TA MONICA 379 SAN TA MONI 24717056177,6914.4
27-Jun-16,-80.89,,,MISCELLANEOUS DEBIT,V5980 27/06 TELSTRA BILL PAYMNT MEL BOURNE 01120225974,7031.28
27-Jun-16,-70.27,,,MISCELLANEOUS DEBIT,V5980 24/06 LYFT * RIDE FRI 7PM 855 2800278 24492156177,7112.17
27-Jun-16,-15.89,,,MISCELLANEOUS DEBIT,V5980 27/06 UBER U S JUN26 P3LBK 866 5761039 24492156179,7182.44
27-Jun-16,-15.42,,,MISCELLANEOUS DEBIT,V5980 26/06 UBER U S JUN26 LMRNP 866 5761039 24492156178,7198.33
27-Jun-16,-12.85,,,MISCELLANEOUS DEBIT,V5980 26/06 UBER U S JUN25 VT6NZ 866 5761039 24492156178,7213.75
27-Jun-16,-12.68,,,MISCELLANEOUS DEBIT,V5980 27/06 UBER U S JUN26 TXAWS 866 5761039 24492156179,7226.6
27-Jun-16,-11.58,,,MISCELLANEOUS DEBIT,V5980 25/06 UBER U S JUN25 EQQIE 866 5761039 24492156177,7239.28
27-Jun-16,-9.81,,,MISCELLANEOUS DEBIT,V5980 27/06 UBER U S JUN26 LDRS3 866 5761039 24492156179,7250.86
27-Jun-16,-9.2,,,MISCELLANEOUS DEBIT,V5980 25/06 UBER U S JUN25 PQ7FM 866 5761039 24492156177,7260.67
27-Jun-16,-9.12,,,MISCELLANEOUS DEBIT,V5980 26/06 UBER TEC HNOLOGIES INC 866 -576-10 24692166178,7269.87
27-Jun-16,-6.8,,,MISCELLANEOUS DEBIT,V5980 26/06 UBER U S JUN26 3AMUC 866 5761039 24492156178,7278.99
27-Jun-16,-2.99,,,MISCELLANEOUS DEBIT,V5980 25/06 GOOGLE * TouringPlans g.c o/payhe 74313196177,7285.79
27-Jun-16,-107.91,,,MISCELLANEOUS DEBIT,V5980 25/06 AmazonPrime Membership amzn.com/prmeWA,7285.79
27-Jun-16,2000,,,INTER-BANK CREDIT,Living expen Yellow Brick Rd Kate and Courten,7288.78
21-Jun-16,-79.73,,,AUTOMATIC DRAWING,MPA035636733 AAMI PI MR C FARQUHARSON,5288.78
21-Jun-16,-10.38,,,FEES,V5980 17/06 FOREIGN CURRENCY TRAN FEE 24164076169,5368.51
21-Jun-16,-80,,,ATM DEBIT,Payment To GoDaddy.com LLC,3508.36
21-Jun-16,-1.18,,,FEES,V5980 16/06 FOREIGN CURRENCY TRAN FEE 24760626169,5378.89
20-Jun-16,-345.91,,,MISCELLANEOUS DEBIT,V5980 17/06 ALAMO RE NT-A-CAR SAN FRANCI 24164076169,5380.07
20-Jun-16,-39.42,,,MISCELLANEOUS DEBIT,V5980 16/06 PANDADOC SAN FRANCI 24760626169,5725.98
17-Jun-16,-1.74,,,FEES,V5980 15/06 FOREIGN CURRENCY TRAN FEE 24692166167,5765.4
16-Jun-16,-57.87,,,MISCELLANEOUS DEBIT,V5980 15/06 IN *MEME NTO PRESS INC. 415 -773187 24692166167,5767.14
16-Jun-16,-0.08,,,FEES,V5980 14/06 FOREIGN CURRENCY TRAN FEE 24692166166,5825.01
15-Jun-16,-2.72,,,MISCELLANEOUS DEBIT,V5980 14/06 GOOGLE * Google Storage g.c o/payhe 24692166166,5825.09
15-Jun-16,531.84,,,INTER-BANK CREDIT,Antares Exp Claim ANTARES INTERNAT Courtenay Farquh,5827.81
14-Jun-16,-2926.99,,,AUTOMATIC DRAWING,1005185414/10Vlr OnePath Life Ltd K C FARQUHARSON,5295.97
13-Jun-16,-46.6,,,MISCELLANEOUS DEBIT,V5741 09/06 CARTERS PHARMACY ST IVES 74564726162,8222.96
13-Jun-16,-11.9,,,MISCELLANEOUS DEBIT,V5980 10/06 EMIRATES LEISURE RET SYD NEY INT 74940526163,8269.56
13-Jun-16,-0.45,,,FEES,V5980 10/06 FOREIGN CURRENCY TRAN FEE 24692166162,8281.46
10-Jun-16,-79.2,,,EFTPOS DEBIT,EFTPOS 09/06 10:27 JB HI FI STRAND ARCA SYDNEY AU,8281.91
10-Jun-16,-39.9,,,EFTPOS DEBIT,EFTPOS 10/06 14:00 Heinemann Duty Free Mascot AU,8361.11
10-Jun-16,-30,,,MISCELLANEOUS DEBIT,V5980 09/06 AAC PROF ESSIONAL P NOR TH SYDN 74940526161,8401.01
10-Jun-16,-14.88,,,MISCELLANEOUS DEBIT,V5980 10/06 Amazon S ervices-Kindle 866 -321-88 24692166162,8431.01
10-Jun-16,-13.3,,,MISCELLANEOUS DEBIT,V5980 09/06 THE NUT SHOP SYD NEY 74564456161,8445.89
10-Jun-16,-11.5,,,MISCELLANEOUS DEBIT,V5741 10/06 SUMOSALA D T1 Mas cot 74249236162,8459.19
10-Jun-16,-2.98,,,MISCELLANEOUS DEBIT,V5741 09/06 IGA ST I VES ST IVES 74940526161,8470.69
10-Jun-16,37.05,,,INTER-BANK CREDIT,19200157 AYET MCARE BENEFITS K AND C FARQUHAR,8473.67
09-Jun-16,-65,,,MISCELLANEOUS DEBIT,V5980 09/06 EVERYWHE RE BEAUTY CRE MORNE 04171181821,8436.62
09-Jun-16,-60,,,MISCELLANEOUS DEBIT,V5741 09/06 GENERAL MEDCL PRAC ST IVES 04133553797,8501.62
09-Jun-16,-7.5,,,MISCELLANEOUS DEBIT,V5980 08/06 HEY YOU SUR RY HILL 74564726160,8561.62
09-Jun-16,-6.99,,,MISCELLANEOUS DEBIT,V5980 08/06 IGA ST I VES ST IVES 74940526160,8569.12
08-Jun-16,-37.07,,,MISCELLANEOUS DEBIT,V5741 08/06 WOOLWORT HS 1099 ST ST IVES 03120200974,8576.11
07-Jun-16,-213.69,,,MISCELLANEOUS DEBIT,V5980 05/06 Upwork G lobal Inc Dub lin 74987506157,8613.18
07-Jun-16,-96.82,,,MISCELLANEOUS DEBIT,V5741 06/06 WOOLWORT HS 1099 ST ST IVES 01123199980,8826.87
07-Jun-16,-42.59,,,MISCELLANEOUS DEBIT,V5741 07/06 WOOLWORT HS 1099 ST ST IVES 02120591562,8923.69
07-Jun-16,-40,,,MISCELLANEOUS DEBIT,V5980 03/06 TRANSPOR T FOR NSW-OPAL CHI PPENDAL 74940526155,8966.28
07-Jun-16,-36.72,,,MISCELLANEOUS DEBIT,V5980 04/06 WWW.EATN OW.COM.AU 130 0718924 74720946157,9006.28
07-Jun-16,-9,,,MISCELLANEOUS DEBIT,V5741 04/06 COLES 08 60 HOR NSBY 74363966156,9043
07-Jun-16,-5,,,MISCELLANEOUS DEBIT,V5980 03/06 GOOGLE*S VCSAPPSSHAREPOINTSIN GAPORE 74628546156,9052
06-Jun-16,-759,,,EFTPOS DEBIT,EFTPOS 04/06 16:23 Apple Store Hornsby AU,9057
06-Jun-16,-26.95,,,EFTPOS DEBIT,EFTPOS 04/06 15:40 AUSTRALIAN GEOGRAPHI HORNSBY AU,9816
06-Jun-16,-20.5,,,EFTPOS DEBIT,EFTPOS 04/06 09:01 TASTEBUDS AT HILLS 287 MONA VALE ROAD,9842.95
06-Jun-16,-15,,,EFTPOS DEBIT,EFTPOS 04/06 16:00 REBEL HORNSBY HORNSBY AU,9863.45
06-Jun-16,5000,,,INTER-BANK CREDIT,Varios bills Yellow Brick Rd Kate and Courten,9878.45
03-Jun-16,-100,,,MISCELLANEOUS DEBIT,V5741 01/06 REBEL HO RNSBY HOR NSBY 74564456154,4878.45
03-Jun-16,-87.89,,,MISCELLANEOUS DEBIT,V5741 03/06 WOOLWORT HS 1099 ST ST IVES 05170612970,4978.45
03-Jun-16,-65.52,,,MISCELLANEOUS DEBIT,V5741 02/06 BP WILLO UGHBY 7240 WIL LOUGHBY 04193849798,5066.34
03-Jun-16,-1.54,,,FEES,V5980 31/05 FOREIGN CURRENCY TRAN FEE 24492156153,5131.86
02-Jun-16,-370,,,MISCELLANEOUS DEBIT,V5980 02/06 BEACHSNO W ACCOMMOD SCA RBOROUG 04103700833,5133.4
02-Jun-16,-299.9,,,EFTPOS DEBIT,EFTPOS 02/06 10:41 SUBARU WAITARA WAITARA NSWAU,5503.4
02-Jun-16,-256,,,MISCELLANEOUS DEBIT,V5741 01/06 SYD APRT EPARK ONL28 SYD NEY INT 74564726153,5803.3
02-Jun-16,-51.22,,,MISCELLANEOUS DEBIT,V5980 31/05 LONG TAI L PLATINUM 408 9902830 24492156153,6059.3
02-Jun-16,-44.91,,,MISCELLANEOUS DEBIT,V5741 01/06 PAYPAL * BONDSONLINE 402 9357733 74766186153,6110.52
02-Jun-16,-41.88,,,MISCELLANEOUS DEBIT,V5741 01/06 PAYPAL * BONDSONLINE 402 9357733 74766186153,6155.43
02-Jun-16,-19.98,,,MISCELLANEOUS DEBIT,V5741 01/06 KATHMAND U PTY LIMITE HOR NSBY 74940526153,6197.31
02-Jun-16,-18.25,,,MISCELLANEOUS DEBIT,V5980 02/06 Sofitel Wentworth Syd ney 74619706154,6217.29
02-Jun-16,-14.95,,,MISCELLANEOUS DEBIT,V5741 31/05 CARTERS PHARMACY ST IVES 74564726153,6235.54
01-Jun-16,-97.41,,,MISCELLANEOUS DEBIT,V5741 01/06 WOOLWORT HS 1099 ST ST IVES 03171202727,6250.49
01-Jun-16,-76,,,MISCELLANEOUS DEBIT,V5741 01/06 DAVID GR AEME MILLINGTO GOR DON 03090213456,6347.9
01-Jun-16,-39.15,,,MISCELLANEOUS DEBIT,V5741 01/06 COLES 07 17 TUR RAMURRA 74363966153,6423.9
01-Jun-16,-34.95,,,MISCELLANEOUS DEBIT,V5741 31/05 TOYS & T ALES PTY LTD ST IVES 74940526152,6463.05
01-Jun-16,-34.67,,,MISCELLANEOUS DEBIT,V5741 01/06 CHEMST W ARHOUSE TU TUR RAMURRA 03090260356,6498
01-Jun-16,-22.88,,,MISCELLANEOUS DEBIT,V5980 31/05 FACEBK * WS87S96CS2 650 -543-78 74313196152,6532.67
01-Jun-16,-20,,,ATM DEBIT,NABATM CSH 01st12:30 AUSTRALIA SQUARE,6555.55
01-Jun-16,-17.97,,,MISCELLANEOUS DEBIT,V5741 01/06 WOOLWORT HS 1160 GOR DON 03091039444,6575.55
01-Jun-16,201.3,,,DEPOSIT,NABATM DEP 01st14:49 ST IVES SHOPPIN COIN JAR,6593.52
31-May-16,-592.63,,,EFTPOS DEBIT,EFTPOS 31/05 14:35 AMERICAN EXPRESS 0001 ST IVES,6392.22
31-May-16,-550,,,TRANSFER DEBIT,INTERNET BPAY SLATER & GORDON 06354617,6984.85
31-May-16,-46.65,,,MISCELLANEOUS DEBIT,V5741 30/05 BLOOMS T HE CHEMIST - ST IVES 74940526151,7534.85
31-May-16,-25.48,,,MISCELLANEOUS DEBIT,V5741 28/05 PLINE ST IVES ST IVES 74564726151,7581.5
31-May-16,-25,,,EFTPOS DEBIT,EFTPOS 31/05 09:14 BAKER'S TENNIS SHOP SYDNEY NSW,7606.98
31-May-16,-20,,,MISCELLANEOUS DEBIT,V5980 28/05 RMS ETOL L PH 131865 PAR RAMATTA 74564726151,7631.98
31-May-16,-8.99,,,MISCELLANEOUS DEBIT,V5980 30/05 NETFLIX COM MEL BOURNE 74564726151,7651.98
30-May-16,-291.19,,,TRANSFER DEBIT,INTERNET BPAY EnergyAustralia Pty 10085825966996,7660.97
30-May-16,-171.42,,,MISCELLANEOUS DEBIT,V5741 28/05 WOOLWORT HS 1099 ST ST IVES 06150676077,7952.16
30-May-16,-55.83,,,EFTPOS DEBIT,EFTPOS 28/05 10:09 CALTEX 2303 ST IVES NSW,8123.58
30-May-16,-53.08,,,EFTPOS DEBIT,EFTPOS 28/05 00:22 TAXI EPAY 0005 WEST MELBOURNE,8179.41
30-May-16,-46,,,MISCELLANEOUS DEBIT,V5980 29/05 Armchair Collective Mon a Vale 74249236150,8232.49
30-May-16,-40,,,MISCELLANEOUS DEBIT,V5980 26/05 TRANSPOR T FOR NSW-OPAL CHI PPENDAL 74940526148,8278.49
30-May-16,-26.58,,,MISCELLANEOUS DEBIT,V5741 29/05 WOOLWORT HS 1099 ST ST IVES 07170721957,8318.49
30-May-16,-13.43,,,MISCELLANEOUS DEBIT,V5741 30/05 WOOLWORT HS 1099 ST ST IVES 01120691019,8345.07
30-May-16,-9,,,EFTPOS DEBIT,EFTPOS 30/05 12:29 THELMA AND LOUISE CA 1 1 HAYES ST,8358.5
30-May-16,-1,,,TRANSFER DEBIT,INTERNET TRANSFER Wedding Registry Kate Farquharson,8367.5
27-May-16,150,,,INTER-BANK CREDIT,11614732 NIB KATE AND COURTNA,8368.5
27-May-16,5000,,,INTER-BANK CREDIT,insurance et Yellow Brick Rd Kate and Courten,8218.5
26-May-16,-23.59,,,MISCELLANEOUS DEBIT,V5741 26/05 WOOLWORT HS 1099 ST ST IVES 04120632380,3218.5
26-May-16,-13.24,,,MISCELLANEOUS DEBIT,V5980 24/05 DNH*GODA DDY.COM AUSTRALIA480 -505885 24906416145,3242.09
26-May-16,-10.67,,,MISCELLANEOUS DEBIT,V5741 25/05 IGA ST I VES ST IVES 74940526146,3255.33
26-May-16,9.59,,,MISCELLANEOUS CREDIT,V5741 26/05 WOOLWORT HS 1099 ST ST IVES 04120619938,3266
25-May-16,-22.17,,,MISCELLANEOUS DEBIT,V5980 23/05 TAXI EPA Y AUSTRALIA WES T MELBO 74564726145,3256.41
25-May-16,-20.19,,,MISCELLANEOUS DEBIT,V5741 25/05 WOOLWORT HS 1099 ST ST IVES 03120738780,3278.58
25-May-16,-9,,,MISCELLANEOUS DEBIT,V5980 24/05 HEY YOU SUR RY HILL 74564726145,3298.77
25-May-16,-7.09,,,MISCELLANEOUS DEBIT,V5741 24/05 ROMEOS S UPA IGA ST I ST IVES 74940526145,3307.77
24-May-16,-250,,,EFTPOS DEBIT,EFTPOS 24/05 14:35 TOWN HALL DENTAL SUR LEVEL 4/307 PITT STR,3314.86
24-May-16,-129,,,MISCELLANEOUS DEBIT,V5980 23/05 DROPBOX* HCLS4KG8D5BG 415 -986-70 74779026145,3564.86
24-May-16,-80,,,ATM DEBIT,NABATM CSH 24th10:26 ST IVES SHOPPING VIL,3693.86
24-May-16,-23.31,,,MISCELLANEOUS DEBIT,V5980 23/05 GM CABS AUSTRALIA MAS COT 74564506144,3773.86
24-May-16,-20,,,ATM DEBIT,BBL ATM 24th08:13 REDIATM 210 PITT STR,3797.17
24-May-16,-15,,,MISCELLANEOUS DEBIT,V5980 20/05 CHEDI TH AI MCMAHO NS POIN 74564726144,3817.17
24-May-16,-8,,,MISCELLANEOUS DEBIT,V5980 21/05 OFFICE O F ENVIRONMENT & HHUR STVILLE 74564726144,3832.17
24-May-16,-0.04,,,FEES,V5980 21/05 FOREIGN CURRENCY TRAN FEE 24492156144,3840.17
23-May-16,-346.33,,,TRANSFER DEBIT,INTERNET BPAY SYDNEY WATER 50031650000,3840.21
23-May-16,-128,,,EFTPOS DEBIT,EFTPOS 21/05 20:11 RUSTICA NEWCASTLE BE NEWCASTLE NSW,4186.54
23-May-16,-79.73,,,AUTOMATIC DRAWING,MPA035636733 AAMI PI MR C FARQUHARSON,4314.54
23-May-16,-24.6,,,MISCELLANEOUS DEBIT,V5741 23/05 WOOLWORT HS 1099 ST ST IVES 01171315350,4394.27
23-May-16,-23,,,MISCELLANEOUS DEBIT,V5980 20/05 WWW.INGO GO SYD NEY 74564456141,4418.87
23-May-16,-20,,,ATM DEBIT,NABATM CSH 23rd12:11 WYNYARD RAILWAY STAT,4441.87
23-May-16,-13.55,,,EFTPOS DEBIT,EFTPOS 21/05 14:17 MCDONALDS SWANSEA 0343 SWANSEA,4461.87
23-May-16,-11.48,,,MISCELLANEOUS DEBIT,V5980 22/05 DNH*GODA DDY.COM AUD 480 -505-88 24672746143,4475.42
23-May-16,-3.5,,,MISCELLANEOUS DEBIT,V5741 20/05 HOYTS KI OSK PTY LTD SYD NEY 74564456141,4486.9
23-May-16,-1.39,,,MISCELLANEOUS DEBIT,V5980 21/05 LONG TAI L PLATINUM LON GTAILPR 24492156144,4490.4
20-May-16,-80,,,ATM DEBIT,Payment To GoDaddy.com LLC,3508.36
20-May-16,-28,,,MISCELLANEOUS DEBIT,V5980 18/05 TOROS SYD NEY 74564456140,4531.79
20-May-16,-20,,,ATM DEBIT,BBL ATM 20th14:18 DCP-Fastway Convenie,4559.79
20-May-16,-19.4,,,MISCELLANEOUS DEBIT,V5741 20/05 WOOLWORT HS 1099 ST ST IVES 05170313925,4579.79
20-May-16,-12.3,,,MISCELLANEOUS DEBIT,V5741 18/05 THE HOYT S CORPORATIO CHA TSWOOD 74940526140,4599.19
20-May-16,-8.5,,,MISCELLANEOUS DEBIT,V5980 20/05 MOUNT ES PRESSO FRESH NOR TH SYDN 05103940536,4611.49
20-May-16,-7.48,,,FEES,V5980 18/05 FOREIGN CURRENCY TRAN FEE 24492156139,4619.99
20-May-16,-2.5,,,FEES,BBL ATM 20th14:18 DCP-Fastway Convenie DIR CHG OTH ATM,4627.47
19-May-16,-984,,,MISCELLANEOUS DEBIT,V5980 18/05 AIRBNB AUS TRALIA 74054926140,4629.97
19-May-16,-249.42,,,MISCELLANEOUS DEBIT,V5980 18/05 OLARK.CO M 888 9594408 24492156139,5613.97
19-May-16,-150,,,EFTPOS DEBIT,EFTPOS 19/05 09:47 CJB HAIR DESIGN SOUTH TURRAMURRA AU,5863.39
19-May-16,-134.82,,,MISCELLANEOUS DEBIT,V5741 19/05 COLES 07 17 TUR RAMURRA 74363966140,6013.39
19-May-16,-79.95,,,MISCELLANEOUS DEBIT,V5741 17/05 PAYPAL * BAMBINOS 402 9357733 74766186139,6148.21
19-May-16,-63.56,,,MISCELLANEOUS DEBIT,V5741 18/05 CHEMIST WAREHOUSE CHA TSWOOD 03182793211,6228.16
19-May-16,-53.82,,,MISCELLANEOUS DEBIT,V5741 19/05 BP WILLO UGHBY 7240 WIL LOUGHBY 04193599275,6291.72
19-May-16,-29.3,,,EFTPOS DEBIT,EFTPOS 18/05 18:23 MAKOTO SUSHI BAR 336 VICTORIA AVE,6345.54
19-May-16,-22,,,MISCELLANEOUS DEBIT,V5741 18/05 PAYPAL * OPTUSREWARD 402 9357733 74245376139,6374.84
19-May-16,-21.53,,,MISCELLANEOUS DEBIT,V5980 18/05 WWW.INGO GO SYD NEY 74564456139,6396.84
19-May-16,-20,,,ATM DEBIT,BBL ATM 19th12:49 REDIATM 50 BRIDGE ST,6418.37
19-May-16,-1.2,,,FEES,V5980 16/05 FOREIGN CURRENCY TRAN FEE 24760626138,6438.37
18-May-16,-75.89,,,MISCELLANEOUS DEBIT,V5741 18/05 WOOLWORT HS 1103 LA LAN E COVE 03133865625,6439.57
18-May-16,-39.84,,,MISCELLANEOUS DEBIT,V5980 16/05 PANDADOC SAN FRANCI 24760626138,6515.46
17-May-16,-3200.29,,,AUTOMATIC DRAWING,1005185438/zkEB OnePath Life Ltd K C FARQUHARSON,6555.3
17-May-16,-175,,,TRANSFER DEBIT,INTERNET TRANSFER Farquharson 0112,9755.59
17-May-16,-80.89,,,MISCELLANEOUS DEBIT,V5980 16/05 TELSTRA BILL PAYMNT MEL BOURNE 01210669581,9930.59
17-May-16,-65.86,,,MISCELLANEOUS DEBIT,V5741 17/05 WOOLWORT HS 1099 ST ST IVES 02182752845,10011.48
17-May-16,-46.3,,,MISCELLANEOUS DEBIT,V5980 16/05 MORRIS A ND SONS SYDN SYD NEY 74940526137,10077.34
17-May-16,-20,,,ATM DEBIT,NABATM CSH 17th15:31 GOVERNOR PHILLIP TOW,10123.64
17-May-16,-9,,,MISCELLANEOUS DEBIT,V5980 14/05 VICTUALI TY PTY LTD MANLY 74564726137,10143.64
17-May-16,-4.9,,,EFTPOS DEBIT,EFTPOS 16/05 08:06 STARBUCKS 525 GEORGE ST SYDNEY NSW 1,10152.64
17-May-16,-4,,,MISCELLANEOUS DEBIT,V5980 16/05 HEY YOU SUR RY HILL 74564726137,10157.54
17-May-16,-2.32,,,FEES,V5741 15/05 FOREIGN CURRENCY TRAN FEE 24445006137,10161.54
17-May-16,-0.08,,,FEES,V5980 14/05 FOREIGN CURRENCY TRAN FEE 24692166135,10163.86
17-May-16,1000,,,INTER-BANK CREDIT,Life insuran Yellow Brick Rd Kate and Courten,10163.94
16-May-16,-77.22,,,MISCELLANEOUS DEBIT,V5741 15/05 USCUSTOM S ESTA APPL PMT 317 -617-44 24445006137,9163.94
16-May-16,-38.32,,,MISCELLANEOUS DEBIT,V5741 14/05 COLES 08 69 MAN LY 74363966135,9241.16
16-May-16,-29.95,,,EFTPOS DEBIT,EFTPOS 13/05 14:17 JB HI FI STRAND ARCA SYDNEY AU,9279.48
16-May-16,-29.94,,,MISCELLANEOUS DEBIT,V5741 16/05 WOOLWORT HS 1099 ST ST IVES 01170517506,9309.43
16-May-16,-18,,,MISCELLANEOUS DEBIT,V5980 15/05 Boathous e Palm Beach Pal m Beach 74249236136,9339.37
16-May-16,-13.57,,,MISCELLANEOUS DEBIT,V5980 16/05 WOOLWORT HS 1099 ST ST IVES 01182401282,9357.37
16-May-16,-9.69,,,MISCELLANEOUS DEBIT,V5980 15/05 ROMEOS S UPA IGA ST I ST IVES 74940526136,9370.94
16-May-16,-9.69,,,EFTPOS DEBIT,EFTPOS 14/05 17:55 ROMEOS SUPA IGA ST I ST IVES NSW,9380.63
16-May-16,-3.5,,,MISCELLANEOUS DEBIT,V5980 14/05 HOYTS KI OSK PTY LTD SYD NEY 74564456137,9390.32
16-May-16,-2.74,,,MISCELLANEOUS DEBIT,V5980 14/05 GOOGLE * Google Storage g.c o/payhe 24692166135,9393.82
16-May-16,703,,,MISCELLANEOUS CREDIT,V5980 14/02 AIRBNB AUS TRALIA 74054926135,9396.56
13-May-16,3.9,,,MISCELLANEOUS CREDIT,V5980 12/05 FOREIGN CURR TRAN FEE REV 74692166133,8693.56
13-May-16,443.35,,,INTER-BANK CREDIT,Antares Exp Claim ANTARES INTERNAT Courtenay Farquh,8689.66
12-May-16,-33.58,,,MISCELLANEOUS DEBIT,V5741 12/05 WOOLWORT HS 1099 ST ST IVES 04103348059,8246.31
12-May-16,-20,,,ATM DEBIT,BBL ATM 12th09:37 REDIATM 225H FOREST,8279.89
12-May-16,-14.5,,,MISCELLANEOUS DEBIT,V5980 10/05 BONASELL A PTY LTD SYDNEY 74564726132,8299.89
12-May-16,3.83,,,MISCELLANEOUS CREDIT,V5980 11/05 FOREIGN CURR TRAN FEE REV 74692166132,8314.39
12-May-16,129.87,,,MISCELLANEOUS CREDIT,V5980 12/05 REDDIT.C OM 415 -267-84 74692166133,8310.56
11-May-16,-157.7,,,EFTPOS DEBIT,EFTPOS 11/05 09:49 COLES ONLINE 0884 MONA VALE AU,8180.69
11-May-16,-40,,,MISCELLANEOUS DEBIT,V5980 09/05 TRANSPOR T FOR NSW-OPAL CHI PPENDAL 74940526131,8338.39
11-May-16,-7.19,,,MISCELLANEOUS DEBIT,V5980 11/05 WOOLWORT HS 1099 ST ST IVES 03134145370,8378.39
11-May-16,3.98,,,MISCELLANEOUS CREDIT,V5980 10/05 FOREIGN CURR TRAN FEE REV 74692166131,8385.58
11-May-16,127.77,,,MISCELLANEOUS CREDIT,V5980 11/05 REDDIT.C OM 415 -267-84 74692166132,8381.6
11-May-16,6000,,,INTER-BANK CREDIT,Yellow Brick Rd Kate and Courten,8253.83
10-May-16,-26.78,,,MISCELLANEOUS DEBIT,V5741 10/05 WOOLWORT HS 1099 ST ST IVES 02171079338,2253.83
10-May-16,-24.95,,,MISCELLANEOUS DEBIT,V5980 09/05 SWIMWEAR HQ PTY LTD CUR RUMBIN 74564506130,2280.61
10-May-16,-23.3,,,MISCELLANEOUS DEBIT,V5980 07/05 THE BOAT SHED CAFE BA NARRAB EEN 74564726130,2305.56
10-May-16,-11,,,EFTPOS DEBIT,EFTPOS 09/05 12:22 LLLJ PTY LTD THORNLEIGH NSW,2328.86
10-May-16,-6.8,,,MISCELLANEOUS DEBIT,V5980 09/05 ST HONOR E SOURDOUGH NOR TH SYDN 74940526130,2339.86
10-May-16,-4.54,,,FEES,V5980 07/05 FOREIGN CURRENCY TRAN FEE 24492156128,2346.66
10-May-16,132.81,,,MISCELLANEOUS CREDIT,V5980 10/05 REDDIT.C OM 415 -267-84 74692166131,2351.2
09-May-16,-151.29,,,MISCELLANEOUS DEBIT,V5980 07/05 LEADPAGE S 888 3294905 24492156128,2218.39
06-May-16,-70,,,MISCELLANEOUS DEBIT,V5980 06/05 MIRAMARE GARDENS TER REY HIL 05193310316,2369.68
06-May-16,-20,,,ATM DEBIT,NABATM CSH 06th12:27 SYDNEY,2439.68
06-May-16,-18.13,,,MISCELLANEOUS DEBIT,V5741 06/05 WOOLWORT HS 1099 ST ST IVES 05170340216,2459.68
06-May-16,-2.5,,,MISCELLANEOUS DEBIT,V5741 04/05 PETERS O F KNSNGTN PL KEN SINGTON 74564726126,2477.81
05-May-16,-80.89,,,MISCELLANEOUS DEBIT,V5980 05/05 TELSTRA BILL PAYMNT MEL BOURNE 04134207755,2480.31
05-May-16,-54.97,,,MISCELLANEOUS DEBIT,V5741 05/05 BP WILLO UGHBY 7240 WIL LOUGHBY 04193892000,2561.2
05-May-16,-6.17,,,MISCELLANEOUS DEBIT,V5741 04/05 IGA ST I VES ST IVES 74940526125,2616.17
05-May-16,-4.01,,,FEES,V5980 04/05 FOREIGN CURRENCY TRAN FEE 24692166125,2622.34
05-May-16,37.05,,,INTER-BANK CREDIT,16600098 AYET MCARE BENEFITS K AND C FARQUHAR,2626.35
04-May-16,-133.69,,,MISCELLANEOUS DEBIT,V5980 04/05 REDDIT.C OM 415 -267-84 24692166125,2589.3
04-May-16,-75,,,MISCELLANEOUS DEBIT,V5741 04/05 GENERAL MEDCL PRAC ST IVES 03090137670,2722.99
04-May-16,-56,,,MISCELLANEOUS DEBIT,V5741 02/05 PAYPAL * PETERSKENSI 402 9357733 74766186124,2797.99
04-May-16,-36,,,MISCELLANEOUS DEBIT,V5741 03/05 PAYPAL * HARDFINDPTY HA 402 9357733 74766186124,2853.99
04-May-16,-25,,,EFTPOS DEBIT,EFTPOS 04/05 08:30 THELMA AND LOUISE CA 1 1 HAYES ST,2889.99
04-May-16,-5,,,MISCELLANEOUS DEBIT,V5980 03/05 GOOGLE*S VCSAPPSSHAREPOINTSIN GAPORE 74628546125,2914.99
03-May-16,-121.83,,,MISCELLANEOUS DEBIT,V5741 03/05 IKEA RHO DES 02133631601,2919.99
03-May-16,-80,,,ATM DEBIT,CUECARD 03rd17:14 THE NEUTRAL BAY CLUB,3041.82
03-May-16,-79.95,,,MISCELLANEOUS DEBIT,V5741 02/05 PAYPAL * BENELKEPTYL 029 5643595 74245376123,3121.82
03-May-16,-60.69,,,MISCELLANEOUS DEBIT,V5741 02/05 OPTUS BI LLING PAY MY BILLMAC QUARIE 74564456123,3201.77
03-May-16,-40,,,MISCELLANEOUS DEBIT,V5980 02/05 TRANSPOR T FOR NSW-OPAL CHI PPENDAL 74940526123,3262.46
03-May-16,-8.99,,,MISCELLANEOUS DEBIT,V5980 30/04 NETFLIX COM MEL BOURNE 74564726123,3302.46
03-May-16,-3.96,,,FEES,V5980 02/05 FOREIGN CURRENCY TRAN FEE 24692166123,3311.45
03-May-16,-3.96,,,FEES,V5980 02/05 FOREIGN CURRENCY TRAN FEE 24692166123,3315.41
03-May-16,-2.5,,,FEES,CUECARD 03rd17:14 THE NEUTRAL BAY CLUB DIR CHG OTH ATM,3319.37
03-May-16,-1.16,,,MISCELLANEOUS DEBIT,V5980 02/05 GOOGLE*S VCSAPPSGETDRIVINGSIN GAPORE 74628546124,3321.87
03-May-16,3.78,,,MISCELLANEOUS CREDIT,V5980 30/04 FOREIGN CURR TRAN FEE REV 74692166121,3323.03
02-May-16,-165.32,,,EFTPOS DEBIT,EFTPOS 29/04 23:39 TAXI COMBINED 133300 152-162 RILEY STREET,3319.25
02-May-16,-131.88,,,MISCELLANEOUS DEBIT,V5980 02/05 REDDIT.C OM 415 -267-84 24692166123,3484.57
02-May-16,-131.88,,,MISCELLANEOUS DEBIT,V5980 02/05 REDDIT.C OM 415 -267-84 24692166123,3616.45
02-May-16,-60.69,,,AUTOMATIC DRAWING,91335088000183 OPTUS Kate and Courten,3748.33
02-May-16,-55.06,,,EFTPOS DEBIT,EFTPOS 30/04 09:00 CALTEX 2303 ST IVES NSW,3809.02
02-May-16,-22,,,EFTPOS DEBIT,EFTPOS 29/04 08:33 PARK REGIS GRIFFIN MELBOURNE AU,3864.08
02-May-16,-20,,,ATM DEBIT,BBL ATM 02nd08:26 REDIATM 225H FOREST,3886.08
02-May-16,-16.9,,,MISCELLANEOUS DEBIT,V5980 01/05 O'Loughl ins Pharmacy St Ives 74249236122,3906.08
02-May-16,-13,,,MISCELLANEOUS DEBIT,V5741 28/04 CARTERS PHARMACY ST IVES 74564726120,3922.98
02-May-16,-5,,,MISCELLANEOUS DEBIT,V5980 30/04 ZINA ENT ERPRISES PTY LTD CHU RCH POI 74564456123,3935.98
02-May-16,125.89,,,MISCELLANEOUS CREDIT,V5980 30/04 REDDIT.C OM 415 -267-84 74692166121,3940.98
02-May-16,3000,,,INTER-BANK CREDIT,Active funds Yellow Brick Rd Kate and Courten,3815.09
29-Apr-16,-149.95,,,MISCELLANEOUS DEBIT,V5741 27/04 MCDONALD PHARMACIES ST IVE S 74564726119,815.09
29-Apr-16,-125,,,MISCELLANEOUS DEBIT,V5741 27/04 CARTERS PHARMACY ST IVES 74564726119,965.04
29-Apr-16,-16,,,EFTPOS DEBIT,EFTPOS 29/04 19:22 Ali Baba Airport Tullamarin AU,1090.04
29-Apr-16,-0.45,,,FEES,V5980 28/04 FOREIGN CURRENCY TRAN FEE 74987506118,1106.04
29-Apr-16,-0.12,,,FEES,V5980 27/04 FOREIGN CURRENCY TRAN FEE 24431066119,1106.49
29-Apr-16,37.05,,,INTER-BANK CREDIT,16200139 AYET MCARE BENEFITS K AND C FARQUHAR,1106.61
28-Apr-16,-103.95,,,EFTPOS DEBIT,EFTPOS 28/04 06:11 WWW.INGOGO SYDNEY AU,1069.56
28-Apr-16,-81.48,,,EFTPOS DEBIT,EFTPOS 28/04 10:16 BLACK CAB VIC 132227 152-162 RILEY STREET,1173.51
28-Apr-16,-75,,,MISCELLANEOUS DEBIT,V5741 28/04 GENERAL MEDCL PRAC ST IVES 04120504874,1254.99
28-Apr-16,-74.84,,,MISCELLANEOUS DEBIT,V5741 27/04 PAYPAL * BELT N BAGS 013 0085536 74766186118,1329.99
28-Apr-16,-14.95,,,MISCELLANEOUS DEBIT,V5980 28/04 Skype Lux embourg 74987506118,1404.83
28-Apr-16,-9.5,,,MISCELLANEOUS DEBIT,V5980 28/04 BOOST JU ICE BAR MEL BOURNE 04103836814,1419.78
28-Apr-16,-4.08,,,MISCELLANEOUS DEBIT,V5980 27/04 AMAZON S ERVICES-KINDLE 86866 -216-10 24431066119,1429.28
28-Apr-16,-1,,,TRANSFER DEBIT,INTERNET TRANSFER Wedding Registry Kate Farquharson,1433.36
27-Apr-16,-2000,,,TRANSFER DEBIT,Purchase of NAB Traveller Card,1434.36
27-Apr-16,-80,,,ATM DEBIT,NABATM CSH 27th10:28 ST IVES SHOPPING VIL,3434.36
27-Apr-16,-69.67,,,MISCELLANEOUS DEBIT,V5741 27/04 CHEMST W ARHOUSE TU TUR RAMURRA 03150999525,3514.36
27-Apr-16,-15,,,MISCELLANEOUS DEBIT,V5980 25/04 KIRRIBIL LIHOUSEOFFRUIT KIR RIBILLI 74742726117,3584.03
27-Apr-16,-10.43,,,MISCELLANEOUS DEBIT,V5741 27/04 COLES 07 17 TUR RAMURRA 74363966118,3599.03
27-Apr-16,-0.12,,,FEES,V5980 25/04 FOREIGN CURRENCY TRAN FEE 24692166116,3609.46
27-Apr-16,0.12,,,MISCELLANEOUS CREDIT,V5980 25/04 FOREIGN CURR TRAN FEE REV 74692166116,3609.58
26-Apr-16,-167.01,,,MISCELLANEOUS DEBIT,V5741 26/04 WOOLWORT HS 1099 ST ST IVES 02171289887,3609.46
26-Apr-16,-145.9,,,MISCELLANEOUS DEBIT,V5741 23/04 PAYPAL * QUEENBEEMAT 402 9357733 74245376115,3776.47
26-Apr-16,-50,,,AUTOMATIC DRAWING,31983/06004V INTERLINK ROADS KATE AND COURTEN,3922.37
26-Apr-16,-25,,,EFTPOS DEBIT,EFTPOS 23/04 15:30 BIRCHSON PTY LTD ST IVES NSW,3972.37
26-Apr-16,-20,,,MISCELLANEOUS DEBIT,V5980 22/04 RMS ETOL L PH 131865 PAR RAMATTA 74564726113,3997.37
26-Apr-16,-20,,,ATM DEBIT,BBL ATM 26th08:26 REDIATM 225H FOREST,4017.37
26-Apr-16,-4.08,,,MISCELLANEOUS DEBIT,V5741 25/04 IGA ST I VES ST IVES 74940526116,4037.37
26-Apr-16,-4.02,,,MISCELLANEOUS DEBIT,V5980 25/04 Amazon S ervices-Kindle 866 -321-88 24692166116,4041.45
26-Apr-16,4,,,MISCELLANEOUS CREDIT,V5980 25/04 Amazon S ervices-Kindle 866 -321-88 74692166116,4045.47
22-Apr-16,-19.95,,,EFTPOS DEBIT,EFTPOS 22/04 14:46 WWW.INGOGO SYDNEY AU,4041.47
22-Apr-16,-17.64,,,EFTPOS DEBIT,EFTPOS 22/04 12:14 TAXI COMBINED 133300 152-162 RILEY STREET,4061.42
22-Apr-16,-12,,,MISCELLANEOUS DEBIT,V5980 21/04 UBER SAN FRANCI 74054926113,4079.06
22-Apr-16,-3.86,,,FEES,V5980 21/04 FOREIGN CURRENCY TRAN FEE 24692166112,4091.06
22-Apr-16,-3.8,,,MISCELLANEOUS DEBIT,V5980 20/04 COCA COL A AMATIL Syd ney 74564726112,4094.92
21-Apr-16,-258.42,,,MISCELLANEOUS DEBIT,V5741 20/04 WOOLWORT HS 1099 ST ST IVES 03210801299,4098.72
21-Apr-16,-128.79,,,MISCELLANEOUS DEBIT,V5980 21/04 REDDIT.C OM 415 -267-84 24692166112,4357.14
21-Apr-16,-79.73,,,AUTOMATIC DRAWING,MPA035636733 AAMI PI MR C FARQUHARSON,4485.93
21-Apr-16,-20,,,ATM DEBIT,NABATM CSH 21st17:12 NORTH SYDNEY,4565.66
20-Apr-16,-29,,,EFTPOS DEBIT,EFTPOS 20/04 09:17 PREMIER LA GHIA DRY SYDNEY NSW AU,4585.66
20-Apr-16,-11.99,,,MISCELLANEOUS DEBIT,V5980 20/04 CHEMIST WAREHOUSE PRE STON 03170347530,4614.66
20-Apr-16,-10.5,,,MISCELLANEOUS DEBIT,V5980 18/04 BERTONI FRANCHISNG P SYD NEY 74564726110,4626.65
19-Apr-16,-163.83,,,TRANSFER DEBIT,INTERNET BPAY EnergyAustralia Pty 10021817395787,4637.15
19-Apr-16,-60.3,,,MISCELLANEOUS DEBIT,V5741 18/04 TRYBOOKI NG.COM/MYCHARGE KEW 74564456109,4800.98
19-Apr-16,-40,,,MISCELLANEOUS DEBIT,V5980 18/04 TRANSPOR T FOR NSW-OPAL CHI PPENDAL 74940526109,4861.28
19-Apr-16,-36.5,,,MISCELLANEOUS DEBIT,V5741 16/04 BERTONI P L MOSMAN 74564726109,4901.28
19-Apr-16,-20,,,ATM DEBIT,BQL ATM DE 19th08:33 SYDNEY AU,4937.78
19-Apr-16,-12.7,,,MISCELLANEOUS DEBIT,V5980 18/04 BLUE ST SEAFOOD PL NOR TH SYDN 74940526109,4957.78
19-Apr-16,-80,,,ATM DEBIT,Payment To GoDaddy.com LLC,3508.36
18-Apr-16,-75,,,TRANSFER DEBIT,INTERNET TRANSFER Farquharson car,4978.47
18-Apr-16,-25,,,MISCELLANEOUS DEBIT,V5980 14/04 SUSHI TR AIN NEUTRAL BAY SCRE MORNE 74564456106,5053.47
18-Apr-16,-23.45,,,EFTPOS DEBIT,EFTPOS 17/04 13:06 BIRCHSON PTY LTD ST IVES NSW,5078.47
18-Apr-16,-17.01,,,EFTPOS DEBIT,EFTPOS 18/04 10:01 GM CABS PTY LTD MASCOT NSW1,5101.92
18-Apr-16,-13.99,,,EFTPOS DEBIT,EFTPOS 15/04 09:03 BIKEBUG PTY LTD NORTH SYDNEY NSW,5118.93
18-Apr-16,-13,,,EFTPOS DEBIT,EFTPOS 16/04 10:34 TheBoathouseBalmoral Balmoral AU,5132.92
18-Apr-16,-11.99,,,MISCELLANEOUS DEBIT,V5980 16/04 WOOLWORT HS 1099 ST ST IVES 06182254158,5145.92
18-Apr-16,-4,,,MISCELLANEOUS DEBIT,V5980 15/04 HEY YOU SUR RY HILL 74564726106,5157.91
18-Apr-16,-3.99,,,MISCELLANEOUS DEBIT,V5741 15/04 IGA ST I VES ST IVES 74940526106,5161.91
18-Apr-16,-3.5,,,MISCELLANEOUS DEBIT,V5980 16/04 HOYTS KI OSK PTY LTD SYD NEY 74564456109,5165.9
15-Apr-16,-67.34,,,MISCELLANEOUS DEBIT,V5980 14/04 AMAZON M KTPLACE PMTS AMA ZON.COM 74313196105,5169.4
15-Apr-16,-51,,,MISCELLANEOUS DEBIT,V5980 13/04 HURRICAN ES EXPRESS C CHA TSWOOD 74940526105,5236.74
15-Apr-16,-26.8,,,MISCELLANEOUS DEBIT,V5980 14/04 Neutral Bay Club Neu tral Ba 74249236105,5287.74
15-Apr-16,-5.9,,,MISCELLANEOUS DEBIT,V5741 13/04 THE HOYT S CORPORATIO CHA TSWOOD 74940526105,5314.54
15-Apr-16,-4,,,MISCELLANEOUS DEBIT,V5980 14/04 HEY YOU SUR RY HILL 74564726105,5320.44
15-Apr-16,-0.08,,,FEES,V5980 14/04 FOREIGN CURRENCY TRAN FEE 24692166105,5324.44
15-Apr-16,1468.73,,,INTER-BANK CREDIT,TRAVELCARD CLOSURE ANZ TRAVELCARD KATE HILLE,5324.52
14-Apr-16,-141.09,,,MISCELLANEOUS DEBIT,V5741 14/04 WOOLWORT HS 1099 ST ST IVES 04121159872,3855.79
14-Apr-16,-48.13,,,MISCELLANEOUS DEBIT,V5980 13/04 DNH*GODA DDY.COM AUD 480 -505-88 24672746104,3996.88
14-Apr-16,-43.27,,,MISCELLANEOUS DEBIT,V5741 14/04 COLES EX PRESS 1597 ST IVES 74363966105,4045.01
14-Apr-16,-14.95,,,MISCELLANEOUS DEBIT,V5741 13/04 KIKKI K SWEDISH HOME CHA TSWOOD 74564456104,4088.28
14-Apr-16,-14.9,,,MISCELLANEOUS DEBIT,V5741 13/04 HOYTS SYD NEY 74564726104,4103.23
14-Apr-16,-12,,,MISCELLANEOUS DEBIT,V5741 13/04 HOYTS ON LINE TICKETING MER RYLANDS 74564726104,4118.13
14-Apr-16,-2.61,,,MISCELLANEOUS DEBIT,V5980 14/04 GOOGLE * Google Storage g.c o/payhe 24692166105,4130.13
13-Apr-16,-372,,,TRANSFER DEBIT,INTERNET BPAY KU-RING-GAI RATES 00625400,4132.74
13-Apr-16,-29,,,EFTPOS DEBIT,EFTPOS 13/04 08:51 BLUE FISH DARLING HA THE ROCKS NSW,4504.74
13-Apr-16,-11.99,,,MISCELLANEOUS DEBIT,V5741 13/04 CHEMIST WAREHOUSE PRE STON 03103100891,4533.74
13-Apr-16,-9.79,,,MISCELLANEOUS DEBIT,V5741 13/04 COLES 57 73 CHA TSWOOD 74363966104,4545.73
13-Apr-16,-6,,,MISCELLANEOUS DEBIT,V5741 13/04 COLES 08 52 CHA TSWOOD 74363966104,4555.52
12-Apr-16,-109.2,,,MISCELLANEOUS DEBIT,V5980 11/04 Upwork G lobal Inc Dub lin 74987506102,4561.52
11-Apr-16,-138.84,,,MISCELLANEOUS DEBIT,V5741 09/04 WOOLWORT HS 1099 ST ST IVES 06103533133,4670.72
11-Apr-16,-59.74,,,EFTPOS DEBIT,EFTPOS 09/04 12:06 PETROLEUM CASTLECOVE 327 EASTERN VALLEY W,4809.56
11-Apr-16,-40,,,MISCELLANEOUS DEBIT,V5980 08/04 TRANSPOR T FOR NSW-OPAL CHI PPENDAL 74940526099,4869.3
11-Apr-16,-23.55,,,EFTPOS DEBIT,EFTPOS 09/04 11:48 BIRCHSON PTY LTD ST IVES NSW,4909.3
11-Apr-16,-12.14,,,MISCELLANEOUS DEBIT,V5980 10/04 BUNNINGS 588000 BEL ROSE 74940526101,4932.85
11-Apr-16,-7,,,EFTPOS DEBIT,EFTPOS 11/04 14:13 PIT 477 PTY LTD SYDNEY NSW,4944.99
11-Apr-16,-5.99,,,MISCELLANEOUS DEBIT,V5741 11/04 WOOLWORT HS 1099 ST ST IVES 01151136082,4951.99
08-Apr-16,-20,,,ATM DEBIT,WBC ATM 08th06:59 CAMMERAY CAMMERAY O/,4957.98
08-Apr-16,-2,,,FEES,WBC ATM 08th06:59 CAMMERAY CAMMERAY O/ DIR CHG OTH ATM,4977.98
07-Apr-16,-80.89,,,MISCELLANEOUS DEBIT,V5980 06/04 TELSTRA BILL PAYMNT MEL BOURNE 03210964721,4979.98
06-Apr-16,-412.5,,,MISCELLANEOUS DEBIT,V5980 04/04 TECHBUY PTY LTD SIL VERWATE 74564506095,5060.87
04-Apr-16,-136.22,,,MISCELLANEOUS DEBIT,V5741 04/04 WOOLWORT HS 1099 ST ST IVES 01103705696,5473.37
04-Apr-16,-51.86,,,MISCELLANEOUS DEBIT,V5741 01/04 CHEMIST WAREHOUSE CHA TSWOOD 05182276830,5609.59
04-Apr-16,-41.88,,,MISCELLANEOUS DEBIT,V5980 03/04 WOOLWORT HS 1099 ST ST IVES 07182368150,5661.45
04-Apr-16,-35.3,,,EFTPOS DEBIT,EFTPOS 01/04 18:08 GRILLD PTY LTD CHATSWOOD NSW01,5703.33
04-Apr-16,-22,,,MISCELLANEOUS DEBIT,V5741 01/04 PAYPAL * HOYTSCORPOR HO 402 9357733 74766186092,5738.63
04-Apr-16,-20,,,MISCELLANEOUS DEBIT,V5741 02/04 EVENT CI NEMAS HORNSB HOR NSBY 74940526094,5760.63
04-Apr-16,-18.8,,,EFTPOS DEBIT,EFTPOS 04/04 14:38 HANDYWAY RAIL CORPO 4108 GORDON,5780.63
04-Apr-16,-10,,,EFTPOS DEBIT,EFTPOS 03/04 12:34 ENRICHMENT ENTERPRIS MONA VALE NSW,5799.43
04-Apr-16,-6.95,,,MISCELLANEOUS DEBIT,V5741 01/04 BLOOMS T HE CHEMIST - ST IVES 74940526092,5809.43
04-Apr-16,-5.9,,,MISCELLANEOUS DEBIT,V5741 01/04 THE HOYT S CORPORATIO CHA TSWOOD 74940526093,5816.38
04-Apr-16,-5,,,MISCELLANEOUS DEBIT,V5980 01/04 GOOGLE*S VCSAPPSSHAREPOINTSIN GAPORE 74628546094,5822.28
01-Apr-16,-113.78,,,MISCELLANEOUS DEBIT,V5741 01/04 WOOLWORT HS 1099 ST ST IVES 05103461809,5827.28
01-Apr-16,-40,,,MISCELLANEOUS DEBIT,V5980 31/03 TRANSPOR T FOR NSW-OPAL CHI PPENDAL 74940526091,5941.06
01-Apr-16,-20,,,ATM DEBIT,BBL ATM 01st11:41 REDIATM 83 YORK STRE,5981.06
31-Mar-16,-79.93,,,MISCELLANEOUS DEBIT,V5741 31/03 WOOLWORT HS 1099 ST ST IVES 04103429076,6001.06
31-Mar-16,-39.98,,,MISCELLANEOUS DEBIT,V5980 31/03 DICK SMI TH 8266 SYD NEY 04121127324,6080.99
31-Mar-16,-38.22,,,MISCELLANEOUS DEBIT,V5741 31/03 BP WILLO UGHBY 7240 WIL LOUGHBY 04193777754,6120.97
31-Mar-16,-29.95,,,EFTPOS DEBIT,EFTPOS 30/03 17:29 JB HI FI STRAND ARCA SYDNEY AU,6159.19
31-Mar-16,-15.2,,,EFTPOS DEBIT,EFTPOS 31/03 21:08 Neutral Bay Club Neutral Ba AU,6189.14
31-Mar-16,-8.99,,,MISCELLANEOUS DEBIT,V5980 30/03 NETFLIX COM MEL BOURNE 74564726090,6204.34
31-Mar-16,-4,,,MISCELLANEOUS DEBIT,V5980 30/03 HEY YOU SUR RY HILL 74564726090,6213.33
31-Mar-16,0.18,,,INTEREST PAID,INTEREST,6217.33
30-Mar-16,-96.16,,,MISCELLANEOUS DEBIT,V5741 30/03 WOOLWORT HS 1099 ST ST IVES 03103189746,6217.15
30-Mar-16,-20,,,ATM DEBIT,NABATM CSH 30th10:52 GREENWOOD PLAZA,6313.31
30-Mar-16,-12.99,,,MISCELLANEOUS DEBIT,V5741 26/03 PLINE ST IVES ST IVES 74564726089,6333.31
30-Mar-16,-4,,,MISCELLANEOUS DEBIT,V5980 29/03 HEY YOU SUR RY HILL 74564726089,6346.3
29-Mar-16,-519.35,,,MISCELLANEOUS DEBIT,V5741 29/03 NRMA WEB SYD NEY 02170766555,6350.3
29-Mar-16,-75.47,,,MISCELLANEOUS DEBIT,V5741 26/03 WOOLWORT HS 1099 ST ST IVES 06120370152,6869.65
29-Mar-16,-58,,,EFTPOS DEBIT,EFTPOS 26/03 14:27 ELITE GOLF NSW NORTH TURRAM NSW,6945.12
29-Mar-16,-12.58,,,EFTPOS DEBIT,EFTPOS 26/03 17:23 ROMEOS SUPA IGA ST I ST IVES NSW,7003.12
29-Mar-16,-3.5,,,MISCELLANEOUS DEBIT,V5980 26/03 HOYTS KI OSK PTY LTD SYD NEY 74564456089,7015.7
29-Mar-16,-1,,,TRANSFER DEBIT,INTERNET TRANSFER Wedding Registry Kate Farquharson,7019.2
24-Mar-16,-167.85,,,MISCELLANEOUS DEBIT,V5741 23/03 WOOLWORT HS 1099 ST ST IVES 03120618576,7020.2
24-Mar-16,-40,,,MISCELLANEOUS DEBIT,V5980 22/03 TRANSPOR T FOR NSW-OPAL CHI PPENDAL 74940526082,7188.05
24-Mar-16,-27.09,,,MISCELLANEOUS DEBIT,V5741 24/03 WOOLWORT HS 1099 ST ST IVES 04120841614,7228.05
24-Mar-16,-3.5,,,MISCELLANEOUS DEBIT,V5980 21/03 COCA COL A AMATIL Syd ney 74564726082,7255.14
23-Mar-16,-20,,,ATM DEBIT,BBL ATM 23rd11:37 REDIATM 83 YORK STRE,7258.64
22-Mar-16,-212.57,,,MISCELLANEOUS DEBIT,V5741 19/03 WOOLWORT HS 1099 ST ST IVES 06103760359,7278.64
22-Mar-16,-79.97,,,MISCELLANEOUS DEBIT,V5741 20/03 WOOLWORT HS 1099 ST ST IVES 07170152156,7491.21
22-Mar-16,-79.73,,,AUTOMATIC DRAWING,MPA035636733 AAMI PI MR C FARQUHARSON,7571.18
22-Mar-16,-20,,,MISCELLANEOUS DEBIT,V5980 21/03 RMS ETOL L PH 131865 PAR RAMATTA 74564726081,7650.91
22-Mar-16,-20,,,ATM DEBIT,BBL ATM 22nd09:16 REDIATM 83 YORK STRE,7670.91
22-Mar-16,-15.89,,,MISCELLANEOUS DEBIT,V5741 18/03 IGA ST I VES ST IVES 74940526078,7690.91
22-Mar-16,-3.5,,,MISCELLANEOUS DEBIT,V5980 19/03 HOYTS KI OSK PTY LTD SYD NEY 74564456081,7706.8
22-Mar-16,-3.5,,,MISCELLANEOUS DEBIT,V5980 20/03 HOYTS KI OSK PTY LTD SYD NEY 74564456081,7710.3
22-Mar-16,4000,,,INTER-BANK CREDIT,Insuranc etc Yellow Brick Rd Kate and Courten,7713.8
18-Mar-16,-72.6,,,MISCELLANEOUS DEBIT,V5741 16/03 PAYPAL * STRAWBERRYC 402 9357733 74423426077,3713.8
18-Mar-16,-29.95,,,EFTPOS DEBIT,EFTPOS 18/03 14:11 MYER SYDNEY CITY SYDNEY AU,3786.4
18-Mar-16,-20,,,ATM DEBIT,BBL ATM 18th09:33 REDIATM 83 YORK STRE,3816.35
18-Mar-16,-9.99,,,MISCELLANEOUS DEBIT,V5741 17/03 HFM ST I VES ST IVES 74940526077,3836.35
17-Mar-16,-587.85,,,MISCELLANEOUS DEBIT,V5741 16/03 PAYPAL * NRMA INSURA 402 9357733 74766186076,3846.34
17-Mar-16,-69.67,,,MISCELLANEOUS DEBIT,V5741 16/03 OPTUS BI LLING PAY MY BILLMAC QUARIE 74564456076,4434.19
17-Mar-16,-20.66,,,MISCELLANEOUS DEBIT,V5741 17/03 WOOLWORT HS 1099 ST ST IVES 04090736358,4503.86
17-Mar-16,-15.36,,,MISCELLANEOUS DEBIT,V5980 15/03 NETLOTTO PTY LTD BRI SBANE 74564726076,4524.52
16-Mar-16,-943.2,,,TRANSFER DEBIT,INTERNET BPAY EXEC ESTATE PTY LTD 47224585801024036,4539.88
16-Mar-16,-352,,,TRANSFER DEBIT,INTERNET BPAY SNSW 5922161637,5483.08
16-Mar-16,-16.39,,,MISCELLANEOUS DEBIT,V5741 16/03 WOOLWORT HS 1099 ST ST IVES 03120874183,5835.08
15-Mar-16,-112.17,,,MISCELLANEOUS DEBIT,V5980 14/03 GC-Desig nCrowd Syd ney 74862896074,5851.47
15-Mar-16,-20,,,ATM DEBIT,BBL ATM 15th13:02 REDIATM 83 YORK STRE,5963.64
15-Mar-16,-0.08,,,FEES,V5980 14/03 FOREIGN CURRENCY TRAN FEE 24692166074,5983.64
15-Mar-16,4,,,TRANSFER CREDIT,INTERNET TRANSFER Transfer funds Kate,5983.72
15-Mar-16,16,,,TRANSFER CREDIT,INTERNET TRANSFER Transfer Kate,5979.72
15-Mar-16,6000,,,INTER-BANK CREDIT,Strata rego Yellow Brick Rd Kate and Courten,5963.72
14-Mar-16,-205.28,,,MISCELLANEOUS DEBIT,V5741 11/03 WOOLWORT HS 1099 ST ST IVES 05210667375,-36.28
14-Mar-16,-59.89,,,MISCELLANEOUS DEBIT,V5980 11/03 DNH*GODA DDY.COM AUD 480 -505-88 24672746071,169
14-Mar-16,-50.54,,,MISCELLANEOUS DEBIT,V5980 13/03 WOOLWORT HS 1099 ST ST IVES 07133702143,228.89
14-Mar-16,-44.41,,,MISCELLANEOUS DEBIT,V5980 13/03 CALTEX S T IVES NORTH ST IVES 74940526073,279.43
14-Mar-16,-40,,,MISCELLANEOUS DEBIT,V5980 11/03 TRANSPOR T FOR NSW-OPAL CHI PPENDAL 74940526072,323.84
14-Mar-16,-20,,,ATM DEBIT,BBL ATM 14th09:23 REDIATM 83 YORK STRE,363.84
14-Mar-16,-19.41,,,MISCELLANEOUS DEBIT,V5741 11/03 IGA ST I VES ST IVES 74940526071,383.84
14-Mar-16,-9.03,,,MISCELLANEOUS DEBIT,V5741 14/03 WOOLWORT HS 1099 ST ST IVES 01133836275,403.25
14-Mar-16,-2.67,,,MISCELLANEOUS DEBIT,V5980 14/03 GOOGLE * Google Storage g.c o/payhe 24692166074,412.28
14-Mar-16,-0.95,,,MISCELLANEOUS DEBIT,V5741 11/03 WOOLWORT HS 1099 ST ST IVES 05210845437,414.95
11-Mar-16,-34.32,,,MISCELLANEOUS DEBIT,V5741 10/03 BP WILLO UGHBY 7240 WIL LOUGHBY 04193649310,415.9
11-Mar-16,-20,,,ATM DEBIT,NABATM CSH 11th12:12 64 CLARENCE STREET,450.22
10-Mar-16,-1,,,MISCELLANEOUS DEBIT,V5741 09/03 AUSPOSTC ARDS MEL BOURNE 74813846069,470.22
10-Mar-16,-1,,,MISCELLANEOUS DEBIT,V5741 09/03 AUSPOSTC ARDS MEL BOURNE 74813846069,471.22
09-Mar-16,-20,,,ATM DEBIT,BBL ATM 09th10:40 REDIATM 83 YORK STRE,472.22
09-Mar-16,-7.99,,,MISCELLANEOUS DEBIT,V5741 08/03 IGA ST I VES ST IVES 74940526068,492.22
08-Mar-16,-40,,,MISCELLANEOUS DEBIT,V5980 06/03 TRANSPOR T FOR NSW-OPAL CHI PPENDAL 74940526067,500.21
08-Mar-16,-20,,,ATM DEBIT,CBA ATM 08th10:14 CBA ATM KING & CLAR,540.21
08-Mar-16,-5.15,,,MISCELLANEOUS DEBIT,V5980 04/03 MCDONALD S MELB AIRPT MEL BOURNE 74564726067,560.21
08-Mar-16,-2,,,FEES,CBA ATM 08th10:14 CBA ATM KING & CLAR DIR CHG OTH ATM,565.36
07-Mar-16,-140,,,ATM DEBIT,NABATM CSH 05th10:29 60 ELIZABETH STREET,567.36
07-Mar-16,-100,,,ATM DEBIT,BBL ATM 06th15:57 DCP- Eureka Skydeck,707.36
07-Mar-16,-39.6,,,MISCELLANEOUS DEBIT,V5980 05/03 BOWERY T O WILLIAMSBURG OLMEL BOURNE 74564456067,807.36
07-Mar-16,-27,,,MISCELLANEOUS DEBIT,V5980 04/03 EMERALD PEACOCK MEL BOURNE 05182336555,846.96
07-Mar-16,-26,,,MISCELLANEOUS DEBIT,V5980 04/03 FLINDERS STATION GIFTS MEL BOURNE 74742726065,873.96
07-Mar-16,-21.2,,,EFTPOS DEBIT,EFTPOS 05/03 15:56 THE ORGANIC FD WN MELBOURNE VICAU,899.96
07-Mar-16,-20.02,,,MISCELLANEOUS DEBIT,V5741 05/03 WOOLWORT HS 1099 ST ST IVES 06090562130,921.16
07-Mar-16,-9.54,,,MISCELLANEOUS DEBIT,V5980 05/03 WOOLWORT HS 3452 MEL BOURNE 06193366420,941.18
07-Mar-16,-8.51,,,MISCELLANEOUS DEBIT,V5980 05/03 WOW MELB OURNE 3906 MEL BOURNE 06193322320,950.72
07-Mar-16,-5.99,,,MISCELLANEOUS DEBIT,V5741 06/03 WOOLWORT HS 1099 ST ST IVES 07090205811,959.23
07-Mar-16,-2.5,,,FEES,BBL ATM 06th15:57 DCP- Eureka Skydeck DIR CHG OTH ATM,965.22
07-Mar-16,-2.29,,,MISCELLANEOUS DEBIT,V5741 07/03 WOOLWORT HS 1099 ST ST IVES 01170431320,967.72
04-Mar-16,-80,,,ATM DEBIT,NABATM CSH 04th20:44 WESTERN BRANCH,970.01
04-Mar-16,-76.55,,,EFTPOS DEBIT,EFTPOS 04/03 10:04 WWW.INGOGO MASCOT AU,1050.01
04-Mar-16,-36.8,,,MISCELLANEOUS DEBIT,V5980 02/03 GRILLD P TY LTD CHA TSWOOD 74940526063,1126.56
04-Mar-16,-23.98,,,MISCELLANEOUS DEBIT,V5980 02/03 REBEL SY DNEY CITY SYD NEY 74564456063,1163.36
04-Mar-16,-8.12,,,MISCELLANEOUS DEBIT,V5980 04/03 WOW MELB OURNE 3906 MEL BOURNE 05103264125,1187.34
04-Mar-16,-5,,,MISCELLANEOUS DEBIT,V5980 03/03 GOOGLE*S VCSAPPSSHAREPOINTSIN GAPORE 74628546064,1195.46
03-Mar-16,-55.95,,,MISCELLANEOUS DEBIT,V5741 03/03 WOOLWORT HS 1099 ST ST IVES 04133962464,1200.46
03-Mar-16,-22,,,MISCELLANEOUS DEBIT,V5741 02/03 PAYPAL * HOYTSCORPOR HO 402 9357733 74245376062,1256.41
03-Mar-16,-20,,,ATM DEBIT,BQL ATM DE 03rd09:54 North Sydney AU,1278.41
02-Mar-16,-132.66,,,MISCELLANEOUS DEBIT,V5741 02/03 WOOLWORT HS 1099 ST ST IVES 03103395031,1298.41
02-Mar-16,-50.9,,,MISCELLANEOUS DEBIT,V5980 02/03 OFWKS ON LINE BENTLEIGH 03 74363966062,1431.07
02-Mar-16,-50,,,ATM DEBIT,BBL ATM 02nd11:50 REDIATM 83 YORK STRE,1481.97
02-Mar-16,-10.99,,,MISCELLANEOUS DEBIT,V5741 01/03 IGA ST I VES ST IVES 74940526061,1531.97
01-Mar-16,-25,,,MISCELLANEOUS DEBIT,V5980 29/02 BAKERS T ENNISHOP SYD NEY 74940526060,1542.96
01-Mar-16,-8.99,,,MISCELLANEOUS DEBIT,V5980 29/02 NETFLIX COM MEL BOURNE 74564726060,1567.96
29-Feb-16,-31.02,,,MISCELLANEOUS DEBIT,V5980 27/02 WOOLWORT HS 1099 ST ST IVES 06182305562,1576.95
29-Feb-16,-25.46,,,MISCELLANEOUS DEBIT,V5741 27/02 WOOLWORT HS 1099 ST ST IVES 06090496087,1607.97
29-Feb-16,-20,,,ATM DEBIT,BBL ATM 29th16:08 REDIATM 83 YORK STRE,1633.43
29-Feb-16,-12.5,,,MISCELLANEOUS DEBIT,V5980 28/02 Love'n D euce St Leonard 74249236059,1653.43
29-Feb-16,-10.75,,,MISCELLANEOUS DEBIT,V5980 27/02 TERREY H ILLS SUPERMARK TER REY HIL 74940526058,1665.93
29-Feb-16,-3.5,,,MISCELLANEOUS DEBIT,V5980 27/02 HOYTS KI OSK PTY LTD SYD NEY 74564456060,1676.68
29-Feb-16,-3.4,,,MISCELLANEOUS DEBIT,V5980 27/02 PITTWATE R COUNCI WAR RIEWOOD 74940526058,1680.18
29-Feb-16,-1,,,TRANSFER DEBIT,INTERNET TRANSFER Wedding Registry Kate Farquharson,1683.58
26-Feb-16,-273.49,,,TRANSFER DEBIT,INTERNET BPAY EnergyAustralia Pty 10085825966996,1684.58
26-Feb-16,-81.19,,,MISCELLANEOUS DEBIT,V5741 25/02 PAYPAL * ANGUSROBERT 402 9357733 74245376056,1958.07
26-Feb-16,-57.12,,,MISCELLANEOUS DEBIT,V5741 25/02 BP WILLO UGHBY 7240 WIL LOUGHBY 04193858489,2039.26
26-Feb-16,-40,,,MISCELLANEOUS DEBIT,V5980 25/02 TRANSPOR T FOR NSW-OPAL CHI PPENDAL 74940526056,2096.38
26-Feb-16,-5.72,,,MISCELLANEOUS DEBIT,V5980 25/02 ROMEOS F OODHALL IGA NOR TH SYDN 74940526056,2136.38
25-Feb-16,-10.98,,,MISCELLANEOUS DEBIT,V5741 25/02 WOOLWORT HS 1099 ST ST IVES 04090604298,2142.1
25-Feb-16,-3.99,,,MISCELLANEOUS DEBIT,V5741 24/02 IGA ST I VES ST IVES 74940526055,2153.08
24-Feb-16,-20,,,ATM DEBIT,BBL ATM 24th15:05 REDIATM 83 YORK STRE,2157.07
23-Feb-16,-110.16,,,MISCELLANEOUS DEBIT,V5741 23/02 WOOLWORT HS ON LINE BEL LA VIST 02150956790,2177.07
23-Feb-16,-71.64,,,AUTOMATIC DRAWING,MPA035636733 AAMI PI MR C FARQUHARSON,2287.23
23-Feb-16,-16.18,,,MISCELLANEOUS DEBIT,V5741 23/02 WOOLWORT HS 1099 ST ST IVES 02170255491,2358.87
22-Feb-16,-600.95,,,EFTPOS DEBIT,EFTPOS 20/02 17:45 Neutral Bay Club Neutral Ba AU,2375.05
22-Feb-16,-65.5,,,EFTPOS DEBIT,EFTPOS 20/02 21:41 SUSHI TRAIN NEUTRAL CREMORNE NSW,2976
22-Feb-16,-25,,,MISCELLANEOUS DEBIT,V5980 19/02 BAKERS T ENNISHOP SYD NEY 74940526050,3041.5
22-Feb-16,-20,,,ATM DEBIT,NABATM CSH 22nd12:11 GREENWOOD PLAZA,3066.5
22-Feb-16,-20,,,ATM DEBIT,BBL ATM 21st13:25 DCP-Cellarbrations A,3086.5
22-Feb-16,-20,,,MISCELLANEOUS DEBIT,V5980 19/02 RMS ETOL L PH 131865 PAR RAMATTA 74564726050,3106.5
22-Feb-16,-10,,,TRANSFER DEBIT,INTERNET TRANSFER DVD K Farquharson,3126.5
22-Feb-16,-7.44,,,EFTPOS DEBIT,EFTPOS 22/02 19:38 IGA ST IVES ST IVES NSW,3136.5
22-Feb-16,-2.9,,,FEES,BBL ATM 21st13:25 DCP-Cellarbrations A DIR CHG OTH ATM,3143.94
19-Feb-16,-322.04,,,TRANSFER DEBIT,INTERNET BPAY SYDNEY WATER 50031650000,3146.84
19-Feb-16,-220,,,TRANSFER DEBIT,INTERNET TRANSFER Farquharsn INV0049,3468.88
19-Feb-16,-40,,,MISCELLANEOUS DEBIT,V5980 17/02 TRANSPOR T FOR NSW-OPAL CHI PPENDAL 74940526049,3688.88
18-Feb-16,-68.98,,,MISCELLANEOUS DEBIT,V5741 17/02 OPTUS BI LLING PAY MY BILLMAC QUARIE 74564456048,3728.88
18-Feb-16,-61.99,,,MISCELLANEOUS DEBIT,V5741 18/02 WOOLWORT HS 1099 ST ST IVES 04133671686,3797.86
18-Feb-16,-50,,,ATM DEBIT,NABATM CSH 18th08:41 GREENWOOD PLAZA,3859.85
17-Feb-16,-197.94,,,MISCELLANEOUS DEBIT,V5980 16/02 ITSPOT.C OM.AU PTY LTD BRE NDALE 74229856047,3909.85
17-Feb-16,-134.23,,,MISCELLANEOUS DEBIT,V5741 17/02 WOOLWORT HS 1099 ST ST IVES 03134009184,4107.79
17-Feb-16,-49.12,,,EFTPOS DEBIT,EFTPOS 17/02 19:04 CALTEX 2303 ST IVES NSW,4242.02
16-Feb-16,-21.67,,,MISCELLANEOUS DEBIT,V5741 16/02 WOOLWORT HS 1099 ST ST IVES 02120836267,4291.14
16-Feb-16,-19.99,,,MISCELLANEOUS DEBIT,V5741 12/02 PLINE ST IVES ST IVES 74564726046,4312.81
16-Feb-16,-11.95,,,MISCELLANEOUS DEBIT,V5980 15/02 THE NORT H SYDNEY STO NOR TH SYDN 74940526046,4332.8
16-Feb-16,405.35,,,INTER-BANK CREDIT,Antares Exp Claim ANTARES INTERNAT Courtenay Farquh,4344.75
15-Feb-16,-703,,,MISCELLANEOUS DEBIT,V5980 14/02 AIRBNB AUS TRALIA 74054926046,3939.4
15-Feb-16,-81.06,,,MISCELLANEOUS DEBIT,V5980 14/02 TELSTRA BILL PAYMNT MEL BOURNE 07090205750,4642.4
15-Feb-16,-65,,,EFTPOS DEBIT,EFTPOS 12/02 13:54 REBEL BROOKVALE BROOKVALE AU,4723.46
15-Feb-16,-48,,,EFTPOS DEBIT,EFTPOS 14/02 13:14 Armchair Collective Mona Vale AU,4788.46
15-Feb-16,-45,,,EFTPOS DEBIT,EFTPOS 12/02 15:09 HIGH TIME WATCH SPECIALIST BROOKVALE,4836.46
15-Feb-16,-37.75,,,MISCELLANEOUS DEBIT,V5980 13/02 WOOLWORT HS 1099 ST ST IVES 06171681864,4881.46
15-Feb-16,-6.99,,,MISCELLANEOUS DEBIT,V5980 12/02 WOOLWORT HS 1099 ST ST IVES 05193128924,4919.21
15-Feb-16,-3.5,,,MISCELLANEOUS DEBIT,V5980 12/02 HOYTS KI OSK PTY LTD SYD NEY 74564456043,4926.2
12-Feb-16,-85.66,,,MISCELLANEOUS DEBIT,V5741 12/02 WOOLWORT HS 1099 ST ST IVES 05120663299,4929.7
12-Feb-16,-59.95,,,MISCELLANEOUS DEBIT,V5741 10/02 JB HI FI HORNSBY HOR NSBY 74564456042,5015.36
12-Feb-16,-39.2,,,MISCELLANEOUS DEBIT,V5980 10/02 GRILLD P TY LTD CHA TSWOOD 74940526042,5075.31
12-Feb-16,-17.5,,,MISCELLANEOUS DEBIT,V5980 12/02 BIG W 01 45 WARRING BRO OKVALE 05150347190,5114.51
12-Feb-16,-15,,,MISCELLANEOUS DEBIT,V5741 10/02 T2 - HOR NSBY HOR NSBY 74564456042,5132.01
12-Feb-16,-5.9,,,MISCELLANEOUS DEBIT,V5980 10/02 THE HOYT S CORPORATIO CHA TSWOOD 74940526042,5147.01
11-Feb-16,-254,,,EFTPOS DEBIT,EFTPOS 11/02 10:15 POST ST IVES RETAI L NSWAU,5152.91
11-Feb-16,-44.97,,,MISCELLANEOUS DEBIT,V5741 10/02 DAVID JO NES LIMITED HOR NSBY 74940526041,5406.91
11-Feb-16,-44.4,,,MISCELLANEOUS DEBIT,V5741 10/02 HOYTS SYD NEY 74564726041,5451.88
11-Feb-16,-34.95,,,MISCELLANEOUS DEBIT,V5741 10/02 DAVID JO NES LIMITED HOR NSBY 74940526041,5496.28
11-Feb-16,-24.07,,,MISCELLANEOUS DEBIT,V5741 10/02 ALDI 42 HOR NSBY 03133586737,5531.23
11-Feb-16,28.12,,,MISCELLANEOUS CREDIT,V5741 10/02 ALDI 42 HOR NSBY 03133438486,5555.3
10-Feb-16,-40,,,MISCELLANEOUS DEBIT,V5980 08/02 TRANSPOR T FOR NSW-OPAL CHI PPENDAL 74940526040,5527.18
10-Feb-16,-25.98,,,MISCELLANEOUS DEBIT,V5741 10/02 CHEMIST WAREHOUSE HOR NSBY 03151011252,5567.18
10-Feb-16,-17.59,,,MISCELLANEOUS DEBIT,V5741 10/02 WOOLWORT HS 1294 HOR NSBY 03150800371,5593.16
10-Feb-16,43,,,MISCELLANEOUS CREDIT,V5980 09/02 EVE OF E DEN PTY LTD NEU TRAL BA 74564456040,5610.75
09-Feb-16,-84.47,,,TRANSFER DEBIT,INTERNET BPAY EnergyAustralia Pty 10021817395787,5567.75
09-Feb-16,-35.7,,,MISCELLANEOUS DEBIT,V5741 06/02 STANLEY STREET CAFE ST IVE S 74564726039,5652.22
08-Feb-16,-281,,,MISCELLANEOUS DEBIT,V5980 06/02 JETSTAR AIRWAYS COL LINGWOO 06150280163,5687.92
08-Feb-16,-275,,,TRANSFER DEBIT,INTERNET TRANSFER K Farquharson fees,5968.92
08-Feb-16,-55.41,,,MISCELLANEOUS DEBIT,V5980 07/02 CALTEX S T IVES NORTH ST IVES 74940526038,6243.92
08-Feb-16,-50,,,ATM DEBIT,SML ATM 08th08:36 YDNEY NSW,6299.33
08-Feb-16,-42.98,,,EFTPOS DEBIT,EFTPOS 06/02 11:37 Kidstuff St Ives St Ives AU,6349.33
08-Feb-16,-40.27,,,MISCELLANEOUS DEBIT,V5980 06/02 WOOLWORT HS 1099 ST ST IVES 06120198398,6392.31
08-Feb-16,-40,,,MISCELLANEOUS DEBIT,V5980 05/02 VINCE BA RCLAY TENNIS MAR SFIELD 74940526036,6432.58
08-Feb-16,-2.5,,,FEES,SML ATM 08th08:36 YDNEY NSW DIR CHG OTH ATM,6472.58
05-Feb-16,-10000,,,TRANSFER DEBIT,INTERNET TRANSFER Courts wage,6475.08
05-Feb-16,-42.7,,,MISCELLANEOUS DEBIT,V5980 03/02 GRILLD P TY LTD CHA TSWOOD 74940526035,16475.08
05-Feb-16,-39,,,MISCELLANEOUS DEBIT,V5741 04/02 PAYPAL * TARGET ONLI 402 9357733 74766186035,16517.78
05-Feb-16,-16.8,,,EFTPOS DEBIT,EFTPOS 05/02 13:50 TAXI COMBINED 133300 152-162 RILEY STREET,16556.78
04-Feb-16,-293.86,,,MISCELLANEOUS DEBIT,V5980 03/02 Upwork G lobal Inc Dub lin 74987506034,16573.58
04-Feb-16,-55,,,MISCELLANEOUS DEBIT,V5980 03/02 ACT*NSTA SUR RY HILL 74798066034,16867.44
04-Feb-16,-26.95,,,MISCELLANEOUS DEBIT,V5741 03/02 POST S T IVES RETAI ST IVES 74813846034,16922.44
04-Feb-16,-22,,,MISCELLANEOUS DEBIT,V5741 03/02 PAYPAL * OPTUSREWARD 402 9357733 74766186034,16949.39
04-Feb-16,-19.95,,,EFTPOS DEBIT,EFTPOS 04/02 13:14 LEGION CAB SY 131451 152-162 RILEY STREET,16971.39
04-Feb-16,-16.95,,,MISCELLANEOUS DEBIT,V5741 03/02 POST S T IVES RETAI ST IVES 74813846034,16991.34
04-Feb-16,-5.9,,,EFTPOS DEBIT,EFTPOS 03/02 18:05 HOYTS CORPORATION CHATSWOOD NSW 07,17008.29
04-Feb-16,-5,,,MISCELLANEOUS DEBIT,V5980 03/02 GOOGLE*S VCSAPPSSHAREPOINTSIN GAPORE 74628546035,17014.19
03-Feb-16,-50,,,ATM DEBIT,SML ATM 03rd08:49 YDNEY NSW,17019.19
03-Feb-16,-30.8,,,MISCELLANEOUS DEBIT,V5741 03/02 O'Loughl ins Pharmacy St Ives 74249236034,17069.19
03-Feb-16,-18.8,,,EFTPOS DEBIT,EFTPOS 03/02 08:45 WWW.INGOGO SYDNEY AU,17099.99
03-Feb-16,-13.79,,,MISCELLANEOUS DEBIT,V5741 03/02 WOOLWORT HS 1099 ST ST IVES 03150946511,17118.79
03-Feb-16,-2.5,,,FEES,SML ATM 03rd08:49 YDNEY NSW DIR CHG OTH ATM,17132.58
03-Feb-16,13.6,,,INTER-BANK CREDIT,NETLOTTO.COM.AU NETLOTTO.COM.AU MR C FARQUHARSON,17135.08
02-Feb-15,13.5,,,INTER-BANK CREDIT,NETLOTTO.COM.AU NETLOTTO.COM.AU MR C FARQUHARSON,17135.08
14-Sep-15,-37.64,,,EFTPOS DEBIT,,1350.09
